Temperature,Humidity,Light,CO2,HR,Occupancy
23.70,26.27,585.20,749.20,0.0047641630,1
23.72,26.29,578.40,760.40,0.0047726610,1
23.73,26.23,572.67,769.67,0.0047651526,1
23.72,26.13,493.75,774.75,0.0047437734,1
23.75,26.20,488.60,779.00,0.0047665940,1
23.76,26.26,568.67,790.00,0.0047793324,1
23.73,26.29,536.33,798.00,0.0047761363,1
23.75,26.29,509.00,797.00,0.0047830937,1
23.75,26.35,476.00,803.20,0.0047940940,1
23.74,26.39,510.00,809.00,0.0047961887,1
23.75,26.45,481.50,815.25,0.0048088862,1
23.70,26.56,481.80,824.00,0.0048167934,1
23.70,26.60,475.25,832.00,0.0048241038,1
23.70,26.70,469.00,845.33,0.0048423808,1
23.70,26.77,464.00,852.40,0.0048559064,1
23.70,26.89,464.00,861.00,0.0048771098,1
23.70,26.97,455.00,880.00,0.0048921908,1
23.60,26.89,454.00,891.00,0.0048475944,1
23.64,26.98,458.00,897.60,0.0048750448,1
23.65,27.05,464.00,900.50,0.0048914916,1
23.64,27.10,473.00,908.80,0.0048976302,1
23.60,27.16,464.00,918.00,0.0048966518,1
23.60,27.24,498.40,925.20,0.0049104620,1
23.60,27.29,530.20,929.40,0.0049202748,1
23.60,27.33,533.60,936.40,0.0049275438,1
23.60,27.34,524.25,950.00,0.0049293611,1
23.63,27.39,498.67,961.00,0.0049464057,1
23.60,27.39,516.33,963.00,0.0049384476,1
23.60,27.41,501.20,958.60,0.0049424457,1
23.60,27.50,522.00,965.33,0.0049584388,1
23.60,27.53,520.50,979.25,0.0049629824,1
23.60,27.60,505.29,978.43,0.0049766137,1
23.60,27.60,488.33,983.00,0.0049766137,1
23.60,27.54,512.00,992.60,0.0049657086,1
23.60,27.60,511.00,997.20,0.0049766137,1
23.62,27.63,501.50,999.50,0.0049877184,1
23.67,27.70,503.67,1001.00,0.0050150509,1
23.60,27.70,483.17,1009.50,0.0049947897,1
23.60,27.72,483.50,1019.00,0.0049988795,1
23.60,27.79,473.00,1021.00,0.0050111491,1
23.60,27.86,470.33,1024.67,0.0050232676,1
23.60,27.80,480.14,1030.43,0.0050137458,1
23.58,27.79,464.00,1026.25,0.0050035447,1
23.54,27.81,474.40,1028.00,0.0049965380,1
23.60,27.98,470.00,1034.80,0.0050453246,1
23.53,28.00,454.00,1055.50,0.0050263668,1
23.50,27.98,454.00,1055.25,0.0050147597,1
23.50,28.00,454.00,1050.00,0.0050187348,1
23.50,28.00,454.00,1051.25,0.0050187348,1
23.50,28.00,445.00,1053.60,0.0050187348,1
23.50,28.00,439.00,1055.50,0.0050187348,1
23.50,28.03,444.25,1055.00,0.0050232520,1
23.45,28.13,454.75,1059.50,0.0050244911,1
23.39,28.18,455.80,1060.00,0.0050175823,1
23.39,28.20,451.60,1073.60,0.0050211721,1
23.39,28.20,451.60,1078.60,0.0050211721,1
23.39,28.20,454.75,1081.00,0.0050211721,1
23.39,28.22,454.75,1082.00,0.0050252107,1
23.39,28.37,457.50,1088.83,0.0050522858,1
23.37,28.39,464.00,1090.60,0.0050491295,1
23.39,28.32,464.00,1086.00,0.0050433104,1
23.37,28.45,464.00,1092.50,0.0050600170,1
23.39,28.50,471.50,1103.75,0.0050750247,1
23.32,28.50,475.67,1104.50,0.0050544760,1
23.37,28.50,471.50,1103.50,0.0050673103,1
23.29,28.50,467.75,1112.00,0.0050442292,1
23.31,28.53,466.50,1105.67,0.0050553040,1
23.29,28.70,464.00,1104.00,0.0050799164,1
23.29,28.70,467.00,1117.20,0.0050799164,1
23.29,28.68,467.75,1121.25,0.0050754553,1
23.29,28.62,466.50,1115.67,0.0050650462,1
23.29,28.66,459.00,1120.00,0.0050727786,1
23.29,28.55,464.00,1123.75,0.0050531506,1
23.29,28.60,470.00,1116.00,0.0050620723,1
23.27,28.60,464.00,1126.80,0.0050565270,1
23.20,28.42,464.00,1112.75,0.0050020157,1
23.23,28.50,449.00,1104.50,0.0050258312,1
23.29,28.50,464.00,1108.00,0.0050442292,1
23.22,28.63,462.33,1127.83,0.0050449226,1
23.20,28.60,469.00,1128.75,0.0050343992,1
23.20,28.65,469.00,1124.25,0.0050432719,1
23.20,28.62,469.00,1130.40,0.0050379482,1
23.20,28.70,464.00,1138.00,0.0050521449,1
23.20,28.70,456.50,1144.00,0.0050521449,1
23.20,28.72,457.00,1140.00,0.0050553393,1
23.20,28.79,450.25,1139.25,0.0050681170,1
23.20,28.79,446.00,1167.33,0.0050681170,1
23.14,28.79,451.60,1159.60,0.0050496184,1
23.15,28.89,454.75,1157.75,0.0050703906,1
23.15,28.89,448.00,1159.50,0.0050703906,1
23.18,28.83,444.00,1156.40,0.0050690344,1
23.12,28.95,444.00,1160.00,0.0050698095,1
23.14,28.96,444.00,1169.80,0.0050789717,1
23.10,29.00,444.00,1176.17,0.0050743621,1
23.10,29.08,444.00,1175.25,0.0050875928,1
23.10,28.92,444.00,1166.60,0.0050598972,1
23.10,27.93,444.00,1140.25,0.0048847835,1
23.06,27.77,444.00,1089.20,0.0048459789,1
23.02,27.56,435.00,1042.60,0.0047962840,1
23.01,27.82,432.00,1051.10,0.0048394351,1
23.00,28.08,429.00,1059.60,0.0048825379,1
23.00,27.96,429.00,1064.60,0.0048605176,1
22.98,27.91,429.00,1061.67,0.0048467415,1
23.00,27.93,429.00,1058.33,0.0048553778,1
23.00,28.02,429.00,1061.60,0.0048713815,1
22.98,28.07,429.00,1070.33,0.0048744542,1
22.95,28.10,429.00,1074.00,0.0048693812,1
23.00,28.10,429.00,1086.25,0.0048857506,1
22.96,28.20,429.00,1089.60,0.0048901280,1
22.97,28.10,429.00,1085.00,0.0048775598,1
22.95,28.13,429.00,1085.00,0.0048752028,1
23.00,28.20,429.00,1088.00,0.0049032746,1
22.95,28.20,429.00,1091.75,0.0048868462,1
23.00,28.13,429.00,1091.33,0.0048915918,1
22.91,28.10,429.00,1088.20,0.0048595829,1
22.89,28.10,429.00,1087.50,0.0048530603,1
22.89,27.96,432.00,1079.20,0.0048279975,1
22.87,27.84,432.75,1077.25,0.0048004764,1
22.87,27.68,439.00,1064.17,0.0047756842,1
22.87,27.60,429.00,1056.40,0.0047611983,1
22.89,27.60,432.75,1043.60,0.0047660453,1
22.82,27.45,432.75,1039.50,0.0047174223,1
22.84,27.37,436.50,1028.67,0.0047121995,1
22.79,27.37,438.00,1020.40,0.0046963904,1
22.79,27.20,444.00,1018.00,0.0046678606,1
22.79,27.17,435.43,1015.14,0.0046629206,1
22.79,27.07,434.00,1006.33,0.0046448080,1
22.79,27.02,432.00,1002.60,0.0046367401,1
22.77,26.93,438.00,993.20,0.0046167935,1
22.76,26.82,439.00,983.33,0.0045943146,1
22.70,26.75,432.00,976.20,0.0045655828,1
22.72,26.70,432.75,980.75,0.0045625693,1
22.70,26.68,434.00,971.33,0.0045534352,1
22.70,26.53,444.00,966.67,0.0045276518,1
22.70,26.46,444.00,963.00,0.0045156203,1
22.70,26.45,441.50,952.33,0.0045124692,1
22.70,26.34,444.00,948.00,0.0044944230,1
22.70,26.26,444.00,945.00,0.0044806742,1
22.70,26.20,441.00,941.60,0.0044703629,1
22.70,26.16,438.00,929.80,0.0044634890,1
22.70,26.02,441.00,923.80,0.0044394313,1
22.70,26.10,440.25,919.00,0.0044531783,1
22.70,26.00,439.00,918.25,0.0044359947,1
22.70,25.93,438.00,919.40,0.0044246539,1
22.70,25.93,439.00,927.33,0.0044233939,1
22.70,25.82,432.75,920.25,0.0044042074,1
22.68,25.77,432.00,902.40,0.0043914494,1
22.64,25.70,429.00,904.40,0.0043677176,1
22.60,25.58,429.00,897.00,0.0043363901,1
22.67,25.60,429.00,892.00,0.0043583832,1
22.60,25.53,433.50,882.50,0.0043278533,1
22.62,25.48,436.20,887.20,0.0043247721,1
22.63,25.55,442.50,889.25,0.0043387478,1
22.60,25.39,443.40,889.20,0.0043048052,1
22.65,25.42,438.00,880.75,0.0043231196,1
22.60,25.27,442.50,868.75,0.0042838926,1
22.60,25.22,439.80,861.00,0.0042754426,1
22.60,25.20,439.80,860.60,0.0042723699,1
22.60,25.20,435.50,864.00,0.0042723699,1
22.60,25.15,430.75,859.00,0.0042638349,1
22.60,25.14,440.60,854.40,0.0042621279,1
22.60,25.15,428.20,847.40,0.0042638349,1
22.60,25.04,432.20,837.20,0.0042450586,1
22.60,25.05,431.75,834.75,0.0042467655,1
22.60,25.06,429.20,832.40,0.0042484724,1
22.60,25.00,433.00,832.00,0.0042382312,1
22.60,25.00,433.00,836.25,0.0042382312,1
22.60,25.00,428.20,832.60,0.0042382312,1
22.60,25.03,428.25,821.50,0.0042424983,1
22.60,25.10,425.40,832.40,0.0042553001,1
22.60,25.08,429.20,832.40,0.0042518862,1
22.56,25.02,433.00,830.75,0.0042312842,1
22.58,25.08,433.00,821.50,0.0042466905,1
22.58,25.08,433.00,818.25,0.0042445403,1
22.56,24.91,433.00,819.80,0.0042128959,1
22.55,25.20,433.00,822.50,0.0042593281,1
22.60,24.92,433.00,818.00,0.0042241500,1
22.58,25.06,433.00,812.80,0.0042432809,1
22.57,24.91,433.00,816.50,0.0042139891,1
22.53,24.95,433.00,822.25,0.0042094946,1
22.54,24.89,433.00,825.00,0.0042040056,1
22.50,24.87,433.00,816.50,0.0041894920,1
22.50,24.92,433.00,811.50,0.0041983974,1
22.50,24.91,433.00,811.00,0.0041974079,1
22.56,24.81,433.00,812.20,0.0041955303,1
22.53,24.89,426.00,814.25,0.0042001506,1
22.52,24.98,430.20,824.00,0.0042134726,1
22.58,25.08,433.00,834.50,0.0042445403,1
22.60,25.00,433.00,837.00,0.0042382312,1
22.60,25.02,433.00,841.17,0.0042418887,1
22.60,25.04,433.00,845.33,0.0042455463,1
22.60,25.10,433.00,854.75,0.0042553001,1
22.60,25.10,428.33,850.33,0.0042553001,1
22.60,25.08,424.60,845.40,0.0042518862,1
22.60,25.17,433.00,854.33,0.0042666799,1
22.60,25.07,428.33,849.33,0.0042496104,0
22.60,25.20,422.50,853.00,0.0042723699,0
22.60,25.20,423.67,853.00,0.0042723699,0
22.54,25.16,424.60,852.00,0.0042499211,0
22.54,25.16,427.40,853.60,0.0042499211,0
22.54,25.14,421.80,845.60,0.0042465197,0
22.53,25.10,426.00,834.25,0.0042358292,0
22.50,25.04,421.80,826.40,0.0042191777,0
22.50,25.00,419.00,819.60,0.0042123922,0
22.50,25.00,419.00,829.60,0.0042123922,0
22.50,25.00,419.00,824.00,0.0042123922,0
22.50,24.91,419.00,814.20,0.0041974645,0
22.50,24.89,419.00,813.50,0.0041937327,0
22.50,24.89,419.00,813.80,0.0041937327,0
22.50,24.89,419.00,811.00,0.0041937327,0
22.48,24.87,419.00,804.60,0.0041847041,0
22.46,24.83,419.00,807.80,0.0041723082,0
22.50,24.86,419.00,802.33,0.0041880785,0
22.42,24.75,419.00,796.75,0.0041485664,0
22.46,24.81,419.00,794.40,0.0041689250,0
22.39,24.70,419.00,790.60,0.0041335865,0
22.42,24.72,419.00,789.75,0.0041443475,0
22.39,24.70,419.00,782.20,0.0041335865,0
22.39,24.72,419.00,772.25,0.0041373769,1
22.39,24.72,419.00,772.93,0.0041364644,1
22.39,24.71,419.00,773.60,0.0041355519,1
22.39,24.63,419.00,773.75,0.0041209520,1
22.39,24.75,416.20,771.80,0.0041426837,1
22.39,24.91,418.60,782.80,0.0041693029,1
22.39,25.25,415.00,796.50,0.0042254127,1
22.39,25.09,310.25,809.00,0.0041997155,1
22.39,25.00,0.00,805.50,0.0041841297,0
22.35,24.98,0.00,791.40,0.0041701963,0
22.32,25.00,0.00,779.33,0.0041670824,0
22.37,24.97,0.00,780.75,0.0041731035,0
22.32,24.89,0.00,781.75,0.0041465078,0
22.29,24.92,0.00,781.00,0.0041447670,0
22.29,24.91,0.00,778.40,0.0041438460,0
22.26,24.86,0.00,769.33,0.0041269876,0
22.25,24.85,0.00,766.50,0.0041243566,0
22.23,24.79,0.00,763.25,0.0041088414,0
22.26,24.82,0.00,762.33,0.0041214165,0
22.20,24.79,0.00,761.50,0.0041007373,0
22.20,24.79,0.00,761.00,0.0041007373,0
22.20,24.74,0.00,757.00,0.0040917459,0
22.20,24.79,0.00,752.33,0.0041007373,0
22.13,24.70,0.00,748.67,0.0040690837,0
22.10,24.70,0.00,746.25,0.0040607721,0
22.15,24.72,0.00,745.25,0.0040769798,0
22.10,24.70,0.00,740.67,0.0040607721,0
22.10,24.70,0.00,738.00,0.0040607721,0
22.13,24.70,0.00,732.67,0.0040690837,0
22.10,24.70,0.00,727.00,0.0040607721,0
22.10,24.68,0.00,716.00,0.0040566352,0
22.07,24.67,0.00,723.25,0.0040469710,0
22.07,24.67,0.00,718.33,0.0040469710,0
22.00,24.58,0.00,716.60,0.0040161928,0
21.98,24.60,0.00,714.00,0.0040140562,0
21.98,24.56,0.00,714.20,0.0040074872,0
21.95,24.60,0.00,715.00,0.0040059300,0
21.93,24.50,0.00,706.67,0.0039850516,0
21.89,24.50,0.00,706.00,0.0039760855,0
21.89,24.53,0.00,698.75,0.0039801687,0
21.89,24.50,0.00,692.50,0.0039760855,0
21.89,24.50,0.00,694.75,0.0039760855,0
21.82,24.42,0.00,697.25,0.0039443893,0
21.82,24.46,0.00,692.00,0.0039538651,0
21.79,24.39,0.00,691.00,0.0039338681,0
21.79,24.39,0.00,689.75,0.0039338681,0
21.79,24.39,0.00,689.00,0.0039338681,0
21.77,24.39,0.00,687.00,0.0039284295,0
21.77,24.37,0.00,679.75,0.0039243775,0
21.75,24.35,0.00,668.40,0.0039186917,0
21.70,24.29,0.00,665.67,0.0038960130,0
21.70,24.29,0.00,664.75,0.0038960130,0
21.70,24.29,0.00,668.00,0.0038960130,0
21.70,24.29,0.00,661.25,0.0038960130,0
21.64,24.24,0.00,658.20,0.0038729720,0
21.60,24.20,0.00,656.00,0.0038576732,0
21.60,24.20,0.00,654.80,0.0038576732,0
21.60,24.22,0.00,653.75,0.0038612821,0
21.50,24.26,0.00,650.33,0.0038435524,0
21.50,24.20,0.00,650.75,0.0038339879,0
21.55,24.20,0.00,648.25,0.0038458145,0
21.50,24.20,0.00,640.33,0.0038339879,0
21.50,24.20,0.00,638.00,0.0038339879,0
21.50,24.20,0.00,636.25,0.0038339879,0
21.50,24.20,0.00,636.33,0.0038339879,0
21.50,24.15,0.00,635.75,0.0038260177,0
21.50,24.18,0.00,635.50,0.0038300028,0
21.50,24.13,0.00,627.50,0.0038220327,0
21.50,24.15,0.00,626.25,0.0038260177,0
21.50,24.13,0.00,621.50,0.0038220327,0
21.50,24.10,0.00,621.75,0.0038180477,0
21.50,24.10,0.00,620.67,0.0038180477,0
21.50,24.10,0.00,617.00,0.0038180477,0
21.50,24.10,0.00,612.75,0.0038180477,0
21.47,24.08,0.00,614.50,0.0038076058,0
21.39,24.00,0.00,617.33,0.0037764194,0
21.43,23.93,0.00,614.25,0.0037733300,0
21.39,23.97,0.00,610.75,0.0037720660,0
21.39,23.92,0.00,603.00,0.0037633594,0
21.39,23.95,0.00,603.50,0.0037677127,0
21.37,23.89,0.00,602.00,0.0037532161,0
21.32,24.00,0.00,605.67,0.0037609249,0
21.34,23.97,0.00,604.50,0.0037604533,0
21.32,23.97,0.00,599.00,0.0037546588,0
21.36,24.00,0.00,600.00,0.0037686651,0
21.39,23.97,0.00,596.50,0.0037720660,0
21.32,23.89,0.00,597.50,0.0037416596,0
21.29,23.95,0.00,594.00,0.0037445458,0
21.29,23.97,0.00,590.50,0.0037488722,0
21.29,23.89,0.00,586.67,0.0037358931,0
21.29,23.93,0.00,588.00,0.0037416615,0
21.29,23.89,0.00,585.50,0.0037358931,0
21.29,23.89,0.00,584.50,0.0037358931,0
21.25,23.85,0.00,587.20,0.0037213245,0
21.23,23.82,0.00,585.00,0.0037116368,0
21.22,23.81,0.00,579.40,0.0037068003,0
21.20,23.79,0.00,579.33,0.0036995548,0
21.20,23.79,0.00,581.60,0.0036995548,0
21.20,23.79,0.00,581.67,0.0036995548,0
21.20,23.79,0.00,577.50,0.0036995548,0
21.20,23.79,0.00,577.33,0.0036995548,0
21.20,23.77,0.00,574.25,0.0036960351,0
21.20,23.75,0.00,569.00,0.0036925154,0
21.20,23.76,0.00,565.33,0.0036948618,0
21.20,23.70,0.00,561.40,0.0036854761,0
21.20,23.79,0.00,567.33,0.0036995548,0
21.18,23.70,0.00,565.33,0.0036797917,0
21.17,23.70,0.00,563.50,0.0036778986,0
21.13,23.68,0.00,559.00,0.0036645535,0
21.10,23.65,0.00,559.50,0.0036550119,0
21.13,23.65,0.00,550.50,0.0036606611,0
21.10,23.60,0.00,553.00,0.0036472393,0
21.13,23.60,0.00,552.00,0.0036547572,0
21.10,23.60,0.00,553.25,0.0036472393,0
21.10,23.60,0.00,545.75,0.0036472393,0
21.10,23.60,0.00,548.00,0.0036472393,0
21.10,23.60,0.00,547.00,0.0036472393,0
21.10,23.58,0.00,545.75,0.0036433531,0
21.10,23.53,0.00,544.00,0.0036368761,0
21.10,23.47,0.00,545.50,0.0036274200,0
21.10,23.47,0.00,547.00,0.0036274200,0
21.10,23.50,0.00,545.25,0.0036316947,0
21.10,23.50,0.00,541.25,0.0036316947,0
21.13,23.50,0.00,540.75,0.0036373076,0
21.10,23.50,0.00,533.33,0.0036316947,0
21.13,23.50,0.00,528.00,0.0036391803,0
21.10,23.39,0.00,537.75,0.0036149851,0
21.10,23.47,0.00,539.50,0.0036274200,0
21.10,23.50,0.00,535.25,0.0036316947,0
21.10,23.50,0.00,537.25,0.0036316947,0
21.10,23.50,0.00,535.25,0.0036316947,0
21.10,23.50,0.00,533.40,0.0036316947,0
21.10,23.50,0.00,524.50,0.0036316947,0
21.10,23.43,0.00,524.80,0.0036214357,0
21.10,23.39,0.00,522.67,0.0036145965,0
21.10,23.39,0.00,521.00,0.0036145965,0
21.13,23.39,0.00,519.75,0.0036201828,0
21.10,23.39,0.00,523.00,0.0036145965,0
21.10,23.39,0.00,523.00,0.0036145965,0
21.10,23.39,0.00,519.00,0.0036145965,0
21.10,23.37,0.00,519.50,0.0036107107,0
21.10,23.39,0.00,519.75,0.0036145965,0
21.10,23.37,0.00,520.00,0.0036107107,0
21.10,23.33,0.00,524.60,0.0036052706,0
21.08,23.32,0.00,520.25,0.0035973785,0
21.08,23.34,0.00,519.00,0.0036012582,0
21.10,23.29,0.00,523.20,0.0035990535,0
21.03,23.29,0.00,517.67,0.0035842579,0
21.02,23.29,0.00,514.20,0.0035813052,0
21.03,23.29,0.00,516.50,0.0035824122,0
21.00,23.29,0.00,521.00,0.0035768802,0
21.00,23.29,0.00,520.00,0.0035768802,0
21.00,23.25,0.00,517.80,0.0035713196,0
21.00,23.26,0.00,514.33,0.0035722464,0
21.00,23.27,0.00,516.75,0.0035734048,0
21.00,23.29,0.00,520.75,0.0035768802,0
21.00,23.29,0.00,519.33,0.0035768802,0
21.00,23.29,0.00,519.00,0.0035768802,0
21.00,23.29,0.00,509.75,0.0035768802,0
21.00,23.29,0.00,508.50,0.0035768802,0
20.97,23.29,0.00,504.50,0.0035708038,0
21.00,23.29,0.00,506.50,0.0035768802,0
20.97,23.29,0.00,509.00,0.0035708038,0
20.96,23.29,0.00,507.25,0.0035687803,0
21.00,23.29,0.00,509.33,0.0035768802,0
20.89,23.20,0.00,509.67,0.0035388222,0
20.89,23.25,0.00,508.25,0.0035457254,0
20.89,23.22,0.00,510.25,0.0035422738,0
20.89,23.25,0.00,504.00,0.0035471061,0
20.89,23.26,0.00,499.33,0.0035480266,0
20.89,23.22,0.00,495.00,0.0035422738,0
20.89,23.20,0.00,496.25,0.0035388222,0
20.89,23.20,0.00,494.75,0.0035388222,0
20.89,23.20,0.00,492.50,0.0035388222,0
20.89,23.20,0.00,494.25,0.0035388222,0
20.89,23.20,0.00,492.33,0.0035388222,0
20.89,23.13,0.00,493.75,0.0035273172,0
20.89,23.13,0.00,484.75,0.0035273172,0
20.89,23.10,0.00,489.25,0.0035234823,0
20.89,23.10,0.00,494.50,0.0035234823,0
20.89,23.10,0.00,495.67,0.0035234823,0
20.89,23.10,0.00,501.50,0.0035234823,0
20.89,23.10,0.00,499.67,0.0035234823,0
20.89,23.10,0.00,492.50,0.0035234823,0
20.89,23.10,0.00,494.25,0.0035234823,0
20.89,23.10,0.00,494.00,0.0035234823,0
20.97,23.10,0.00,489.25,0.0035415072,0
20.92,23.10,0.00,490.00,0.0035294816,0
20.89,23.10,0.00,495.50,0.0035234823,0
20.89,23.05,0.00,498.00,0.0035158126,0
20.89,23.05,0.00,495.00,0.0035158126,0
20.91,23.00,0.00,490.20,0.0035129208,0
20.93,23.00,0.00,492.33,0.0035161091,0
20.89,23.00,0.00,491.67,0.0035081431,0
20.89,22.96,0.00,488.00,0.0035013941,0
20.93,22.93,0.00,488.00,0.0035075531,0
20.89,23.00,0.00,485.00,0.0035081431,0
20.89,23.00,0.00,490.00,0.0035081431,0
20.92,22.97,0.00,489.50,0.0035098908,0
20.89,22.95,0.00,485.25,0.0034997068,0
20.89,22.89,0.00,485.67,0.0034912708,0
20.92,22.95,0.00,485.00,0.0035056654,0
20.89,22.96,0.00,485.20,0.0035013941,0
20.95,22.89,0.00,484.00,0.0035031681,0
20.89,22.92,0.00,483.00,0.0034954888,0
20.89,22.89,0.00,481.00,0.0034912708,0
20.89,22.89,0.00,476.50,0.0034912708,0
20.89,22.89,0.00,475.00,0.0034912708,0
20.89,22.89,0.00,476.00,0.0034912708,0
20.89,22.89,0.00,478.50,0.0034912708,0
20.89,22.89,0.00,481.00,0.0034912708,0
20.89,22.89,0.00,483.00,0.0034912708,0
20.86,22.86,0.00,480.25,0.0034789757,0
20.89,22.89,0.00,480.25,0.0034912708,0
20.89,22.87,0.00,470.75,0.0034874363,0
20.89,22.89,0.00,474.75,0.0034912708,0
20.89,22.87,0.00,482.25,0.0034874363,0
20.89,22.89,0.00,480.33,0.0034912708,0
20.89,22.89,0.00,480.00,0.0034912708,0
20.89,22.84,0.00,481.50,0.0034836019,0
20.89,22.84,0.00,483.50,0.0034836019,0
20.89,22.79,0.00,475.60,0.0034759332,0
20.89,22.76,0.00,475.33,0.0034713321,0
20.89,22.82,0.00,477.67,0.0034797675,0
20.89,22.79,0.00,475.75,0.0034759332,0
20.89,22.79,0.00,479.17,0.0034759332,0
20.87,22.77,0.00,475.00,0.0034671155,0
20.87,22.77,0.00,474.00,0.0034671155,0
20.89,22.79,0.00,477.33,0.0034759332,0
20.89,22.79,0.00,473.00,0.0034759332,0
20.89,22.77,0.00,470.00,0.0034724823,0
20.87,22.68,0.00,468.75,0.0034529510,0
20.87,22.72,0.00,471.40,0.0034606059,0
20.89,22.70,0.00,471.00,0.0034621300,0
20.89,22.70,0.00,468.00,0.0034621300,0
20.85,22.68,0.00,468.60,0.0034502066,0
20.81,22.62,0.00,467.40,0.0034328250,0
20.79,22.60,0.00,469.00,0.0034255295,0
20.79,22.65,0.00,471.25,0.0034331499,0
20.82,22.73,0.00,470.67,0.0034524594,0
20.79,22.60,0.00,466.75,0.0034255295,0
20.79,22.64,0.00,466.80,0.0034316258,0
20.79,22.70,0.00,468.75,0.0034407706,0
20.79,22.65,0.00,467.50,0.0034331499,0
20.79,22.63,0.00,469.67,0.0034306098,0
20.79,22.70,0.00,469.75,0.0034407706,0
20.79,22.60,0.00,469.75,0.0034255295,0
20.79,22.60,0.00,467.25,0.0034255295,0
20.77,22.60,0.00,461.40,0.0034217142,0
20.79,22.60,0.00,469.25,0.0034255295,0
20.79,22.63,0.00,468.00,0.0034293397,0
20.73,22.60,0.00,469.00,0.0034128265,0
20.79,22.60,0.00,467.25,0.0034255295,0
20.79,22.60,0.00,467.40,0.0034255295,0
20.79,22.60,0.00,467.67,0.0034255295,0
20.75,22.60,0.00,471.50,0.0034159983,0
20.76,22.60,0.00,471.67,0.0034191728,0
20.72,22.60,0.00,464.75,0.0034112415,0
20.72,22.60,0.00,461.75,0.0034112415,0
20.72,22.60,0.00,458.50,0.0034112415,0
20.75,22.55,0.00,459.50,0.0034083994,0
20.72,22.55,0.00,460.50,0.0034036532,0
20.76,22.57,0.00,465.33,0.0034141021,0
20.72,22.50,0.00,465.00,0.0033960651,0
20.72,22.50,0.00,459.00,0.0033960651,0
20.77,22.50,0.00,463.00,0.0034055420,0
20.75,22.50,0.00,460.75,0.0034008007,0
20.70,22.50,0.00,461.50,0.0033913354,0
20.70,22.50,0.00,466.00,0.0033913354,0
20.77,22.50,0.00,460.25,0.0034055420,0
20.72,22.52,0.00,457.40,0.0033981531,0
20.70,22.50,0.00,464.60,0.0033913354,0
20.73,22.50,0.00,464.33,0.0033976430,0
20.70,22.50,0.00,459.33,0.0033913354,0
20.70,22.50,0.00,459.75,0.0033913354,0
20.72,22.50,0.00,459.25,0.0033960651,0
20.70,22.50,0.00,463.00,0.0033913354,0
20.72,22.45,0.00,461.50,0.0033877184,0
20.70,22.50,0.00,454.50,0.0033913354,0
20.70,22.50,0.00,458.33,0.0033913354,0
20.72,22.50,0.00,463.00,0.0033951187,0
20.70,22.50,0.00,463.75,0.0033913354,0
20.70,22.46,0.00,460.60,0.0033846674,0
20.70,22.50,0.00,455.25,0.0033913354,0
20.70,22.50,0.00,455.67,0.0033913354,0
20.70,22.50,0.00,456.25,0.0033913354,0
20.70,22.43,0.00,459.67,0.0033802221,0
20.70,22.50,0.00,462.00,0.0033913354,0
20.72,22.47,0.00,460.25,0.0033918917,0
20.72,22.43,0.00,462.00,0.0033851055,0
20.73,22.39,0.00,461.00,0.0033809420,0
20.70,22.39,0.00,461.67,0.0033746656,0
20.75,22.39,0.00,460.25,0.0033840841,0
20.72,22.37,0.00,456.25,0.0033755781,0
20.75,22.39,0.00,457.50,0.0033840841,0
20.77,22.37,0.00,455.80,0.0033867019,0
20.76,22.39,0.00,455.00,0.0033872287,0
20.77,22.37,0.00,451.25,0.0033849976,0
20.75,22.39,0.00,453.75,0.0033840841,0
20.74,22.39,0.00,456.20,0.0033821985,0
20.73,22.36,0.00,453.67,0.0033758813,0
20.70,22.34,0.00,452.75,0.0033670887,0
20.76,22.36,0.00,454.00,0.0033821585,0
20.75,22.39,0.00,452.50,0.0033840841,0
20.73,22.39,0.00,456.00,0.0033809420,0
20.75,22.34,0.00,451.50,0.0033764859,0
20.70,22.37,0.00,449.80,0.0033716348,0
20.70,22.37,0.00,449.25,0.0033708771,0
20.70,22.37,0.00,452.25,0.0033708771,0
20.72,22.34,0.00,451.25,0.0033717844,0
20.70,22.34,0.00,453.00,0.0033670887,0
20.70,22.39,0.00,453.25,0.0033746656,0
20.70,22.32,0.00,456.67,0.0033633003,0
20.70,22.29,0.00,455.75,0.0033595120,0
20.70,22.37,0.00,458.00,0.0033708771,0
20.70,22.34,0.00,458.75,0.0033670887,0
20.70,22.29,0.00,455.50,0.0033595120,0
20.70,22.29,0.00,455.00,0.0033595120,0
20.70,22.29,0.00,453.33,0.0033595120,0
20.70,22.33,0.00,454.60,0.0033655733,0
20.70,22.29,0.00,457.50,0.0033595120,0
20.70,22.29,0.00,449.67,0.0033595120,0
20.70,22.29,0.00,452.00,0.0033595120,0
20.70,22.29,0.00,453.50,0.0033595120,0
20.70,22.29,0.00,452.00,0.0033595120,0
20.70,22.29,0.00,450.60,0.0033595120,0
20.70,22.29,0.00,450.67,0.0033595120,0
20.70,22.29,0.00,451.00,0.0033595120,0
20.70,22.29,0.00,454.50,0.0033595120,0
20.70,22.29,0.00,457.25,0.0033595120,0
20.70,22.32,0.00,456.00,0.0033633003,0
20.68,22.29,0.00,456.50,0.0033543130,0
20.68,22.29,0.00,453.50,0.0033543130,0
20.70,22.29,0.00,454.25,0.0033595120,0
20.68,22.22,0.00,454.00,0.0033437224,0
20.68,22.27,0.00,451.00,0.0033509089,0
20.67,22.26,0.00,450.25,0.0033480451,0
20.63,22.22,0.00,449.75,0.0033337558,0
20.68,22.27,0.00,452.00,0.0033509089,0
20.65,22.25,0.00,452.50,0.0033423235,0
20.64,22.24,0.00,454.00,0.0033388943,0
20.63,22.26,0.00,453.00,0.0033411368,0
20.70,22.29,0.00,454.00,0.0033595120,0
20.68,22.27,0.00,450.00,0.0033509089,0
20.63,22.25,0.00,451.75,0.0033371493,0
20.68,22.27,0.00,450.25,0.0033509089,0
20.63,22.22,0.00,445.00,0.0033337558,0
20.65,22.27,0.00,446.25,0.0033457223,0
20.67,22.26,0.00,450.67,0.0033480451,0
20.64,22.24,0.00,453.60,0.0033388943,0
20.63,22.23,0.00,450.33,0.0033366098,0
20.65,22.25,0.00,445.50,0.0033423235,0
20.65,22.25,0.00,443.00,0.0033423235,0
20.65,22.25,0.00,449.25,0.0033423235,0
20.63,22.23,0.00,454.67,0.0033366098,0
20.65,22.25,0.00,449.00,0.0033423235,0
20.63,22.22,0.00,448.50,0.0033337558,0
20.60,22.20,0.00,449.60,0.0033252058,0
20.60,22.20,0.00,454.00,0.0033252058,0
20.60,22.22,0.00,451.25,0.0033285940,0
20.60,22.20,0.00,449.33,0.0033252058,0
20.60,22.20,0.00,446.00,0.0033252058,0
20.60,22.22,0.00,445.75,0.0033285940,0
20.60,22.20,0.00,451.50,0.0033252058,0
20.60,22.20,0.00,455.25,0.0033252058,0
20.60,22.20,0.00,455.25,0.0033252058,0
20.63,22.23,0.00,451.67,0.0033366098,0
20.60,22.20,0.00,451.00,0.0033252058,0
20.60,22.20,0.00,448.75,0.0033252058,0
20.60,22.20,0.00,445.75,0.0033252058,0
20.60,22.20,0.00,444.75,0.0033252058,0
20.60,22.20,0.00,446.33,0.0033252058,0
20.60,22.20,0.00,450.00,0.0033252058,0
20.58,22.22,0.00,446.50,0.0033234392,0
20.60,22.22,0.00,446.50,0.0033285940,0
20.58,22.27,0.00,447.75,0.0033302051,0
20.58,22.25,0.00,449.60,0.0033292072,0
20.60,22.23,0.00,451.67,0.0033297234,0
20.60,22.26,0.00,450.00,0.0033342410,0
20.60,22.20,0.00,449.25,0.0033252058,0
20.58,22.20,0.00,449.75,0.0033200563,0
20.55,22.27,0.00,453.75,0.0033250468,0
20.60,22.20,0.00,453.00,0.0033252058,0
20.60,22.20,0.00,450.50,0.0033252058,0
20.57,22.23,0.00,447.00,0.0033228495,0
20.58,22.27,0.00,443.75,0.0033302051,0
20.60,22.20,0.00,444.25,0.0033252058,0
20.60,22.27,0.00,451.50,0.0033353705,0
20.60,22.22,0.00,448.40,0.0033279163,0
20.60,22.20,0.00,449.00,0.0033252058,0
20.60,22.26,0.00,449.33,0.0033342410,0
20.60,22.20,0.00,446.25,0.0033252058,0
20.60,22.20,0.00,446.60,0.0033252058,0
20.60,22.20,0.00,447.67,0.0033252058,0
20.60,22.20,0.00,447.00,0.0033252058,0
20.60,22.20,0.00,446.75,0.0033252058,0
20.60,22.20,0.00,449.33,0.0033252058,0
20.58,22.20,0.00,451.20,0.0033210856,0
20.60,22.20,0.00,454.00,0.0033252058,0
20.60,22.20,0.00,451.00,0.0033252058,0
20.60,22.20,0.00,450.25,0.0033252058,0
20.60,22.22,0.00,450.00,0.0033285940,0
20.60,22.22,0.00,449.00,0.0033285940,0
20.60,22.20,0.00,446.00,0.0033252058,0
20.58,22.22,0.00,443.20,0.0033237928,0
20.57,22.26,0.00,443.33,0.0033273578,0
20.60,22.20,0.00,448.00,0.0033252058,0
20.60,22.27,0.00,454.00,0.0033353705,0
20.60,22.29,0.00,451.50,0.0033387587,0
20.60,22.29,0.00,451.33,0.0033387587,0
20.55,22.29,0.00,447.00,0.0033284245,0
20.55,22.29,0.00,448.50,0.0033284245,0
20.53,22.22,0.00,450.50,0.0033131507,0
20.58,22.29,0.00,446.50,0.0033335881,0
20.60,22.29,0.00,447.33,0.0033387587,0
20.58,22.29,0.00,453.50,0.0033335881,0
20.57,22.29,0.00,451.33,0.0033318661,0
20.58,22.25,0.00,449.40,0.0033292072,0
20.53,22.26,0.00,453.67,0.0033204871,0
20.58,22.20,0.00,448.25,0.0033200563,0
20.58,22.29,0.00,452.00,0.0033335881,0
20.53,22.27,0.00,452.67,0.0033198955,0
20.60,22.20,0.00,454.67,0.0033252058,0
20.60,22.25,0.00,453.20,0.0033333375,0
20.56,22.29,0.00,447.60,0.0033304891,0
20.60,22.29,0.00,447.67,0.0033387587,0
20.55,22.29,0.00,448.00,0.0033284245,0
20.55,22.29,0.00,451.00,0.0033284245,0
20.60,22.29,0.00,451.00,0.0033387587,0
20.53,22.27,0.00,451.00,0.0033198955,0
20.53,22.29,0.00,449.75,0.0033232680,0
20.52,22.29,0.00,453.00,0.0033222376,0
20.50,22.27,0.00,453.50,0.0033147513,0
20.50,22.29,0.00,452.33,0.0033181185,0
20.53,22.29,0.00,452.00,0.0033232680,0
20.60,22.26,0.00,450.67,0.0033342410,0
20.50,22.20,0.00,449.50,0.0033046498,0
20.60,22.22,0.00,449.75,0.0033285940,0
20.56,22.20,0.00,449.00,0.0033169699,0
20.60,22.20,0.00,451.33,0.0033252058,0
20.57,22.20,0.00,449.00,0.0033183413,0
20.57,22.20,0.00,448.00,0.0033183413,0
20.58,22.20,0.00,443.25,0.0033200563,0
20.55,22.25,0.00,446.50,0.0033216691,0
20.60,22.25,0.00,448.75,0.0033319822,0
20.60,22.22,0.00,451.00,0.0033285940,0
20.60,22.20,0.00,451.50,0.0033252058,0
20.57,22.20,0.00,455.00,0.0033183413,0
20.60,22.20,0.00,451.60,0.0033252058,0
20.60,22.20,0.00,452.67,0.0033252058,0
20.60,22.14,0.00,448.20,0.0033161709,0
20.60,22.13,0.00,445.75,0.0033139122,0
20.60,22.10,0.00,446.67,0.0033101477,0
20.60,22.10,0.00,446.33,0.0033101477,0
20.60,22.13,0.00,444.75,0.0033139122,0
20.60,22.10,0.00,444.50,0.0033101477,0
20.58,22.14,0.00,446.00,0.0033120619,0
20.57,22.13,0.00,443.33,0.0033083233,0
20.60,22.10,0.00,447.00,0.0033101477,0
20.57,22.10,0.00,446.00,0.0033033145,0
20.60,22.15,0.00,445.25,0.0033176767,0
20.58,22.13,0.00,442.00,0.0033087802,0
20.58,22.10,0.00,443.00,0.0033050216,0
20.60,22.10,0.00,443.00,0.0033101477,0
20.60,22.10,0.00,446.33,0.0033101477,0
20.60,22.13,0.00,449.00,0.0033151670,0
20.60,22.13,0.00,445.25,0.0033139122,0
20.60,22.10,0.00,441.25,0.0033101477,0
20.58,22.18,0.00,441.75,0.0033162975,0
20.58,22.18,0.00,441.50,0.0033162975,0
20.60,22.13,0.00,445.00,0.0033151670,0
20.58,22.13,0.00,446.00,0.0033087802,0
20.55,22.20,0.00,442.50,0.0033149138,0
20.57,22.20,0.00,445.00,0.0033183413,0
20.53,22.20,0.00,443.50,0.0033097783,0
20.56,22.20,0.00,443.00,0.0033169699,0
20.60,22.20,0.00,444.33,0.0033252058,0
20.53,22.20,0.00,443.67,0.0033114894,0
20.58,22.20,0.00,443.40,0.0033210856,0
20.60,22.20,0.00,447.00,0.0033252058,0
20.60,22.20,0.00,446.25,0.0033252058,0
20.56,22.20,0.00,445.60,0.0033169699,0
20.55,22.20,0.00,448.50,0.0033149138,0
20.60,22.20,0.00,443.67,0.0033252058,0
20.58,22.20,0.00,444.40,0.0033210856,0
20.60,22.20,0.00,444.33,0.0033252058,0
20.58,22.20,0.00,443.50,0.0033200563,0
20.57,22.23,0.00,451.00,0.0033228495,0
20.58,22.27,0.00,444.50,0.0033302051,0
20.60,22.22,0.00,443.00,0.0033285940,0
20.53,22.20,0.00,445.67,0.0033114894,0
20.56,22.20,0.00,447.80,0.0033169699,0
20.60,22.20,0.00,445.00,0.0033252058,0
20.58,22.20,0.00,442.50,0.0033200563,0
20.53,22.25,0.00,446.75,0.0033165231,0
20.53,22.27,0.00,442.75,0.0033198955,0
20.50,22.29,0.00,441.33,0.0033181185,0
20.53,22.29,0.00,443.75,0.0033232680,0
20.50,22.29,0.00,441.25,0.0033181185,0
20.50,22.29,0.00,440.25,0.0033181185,0
20.50,22.29,0.00,441.50,0.0033181185,0
20.50,22.29,0.00,439.33,0.0033181185,0
20.50,22.29,0.00,439.00,0.0033181185,0
20.50,22.29,0.00,445.33,0.0033181185,0
20.50,22.29,0.00,443.50,0.0033181185,0
20.50,22.29,0.00,439.80,0.0033181185,0
20.50,22.29,0.00,438.25,0.0033181185,0
20.50,22.29,0.00,443.00,0.0033181185,0
20.50,22.29,0.00,440.75,0.0033181185,0
20.50,22.29,0.00,438.20,0.0033181185,0
20.50,22.29,0.00,441.33,0.0033181185,0
20.50,22.29,0.00,438.25,0.0033181185,0
20.50,22.29,0.00,436.50,0.0033181185,0
20.50,22.29,0.00,439.33,0.0033181185,0
20.50,22.29,0.00,439.75,0.0033181185,0
20.50,22.29,0.00,439.75,0.0033181185,0
20.50,22.29,0.00,441.17,0.0033181185,0
20.50,22.29,0.00,441.67,0.0033181185,0
20.50,22.29,0.00,438.50,0.0033181185,0
20.50,22.29,0.00,439.75,0.0033181185,0
20.50,22.29,0.00,438.20,0.0033181185,0
20.50,22.29,0.00,438.67,0.0033181185,0
20.50,22.32,0.00,442.00,0.0033218599,0
20.50,22.39,0.00,447.75,0.0033330844,0
20.50,22.36,0.00,442.33,0.0033280957,0
20.50,22.37,0.00,442.25,0.0033293429,0
20.50,22.39,0.00,445.75,0.0033330844,0
20.50,22.37,0.00,441.50,0.0033293429,0
20.50,22.39,0.00,437.25,0.0033330844,0
20.50,22.39,0.00,439.00,0.0033330844,0
20.50,22.29,0.00,436.50,0.0033181185,0
20.50,22.32,0.00,432.50,0.0033231071,0
20.50,22.32,0.00,427.50,0.0033218599,0
20.50,22.32,0.00,437.50,0.0033218599,0
20.50,22.36,0.00,436.67,0.0033280957,0
20.50,22.39,0.00,435.00,0.0033330844,0
20.50,22.39,0.00,437.00,0.0033330844,0
20.50,22.39,0.00,438.67,0.0033330844,0
20.50,22.39,0.00,440.50,0.0033330844,0
20.50,22.34,0.00,442.75,0.0033256014,0
20.50,22.37,0.00,438.00,0.0033300912,0
20.50,22.39,0.00,436.25,0.0033330844,0
20.46,22.36,0.00,441.33,0.0033205331,0
20.50,22.39,0.00,441.00,0.0033330844,0
20.50,22.32,0.00,437.00,0.0033218599,0
20.50,22.37,0.00,435.20,0.0033300912,0
20.50,22.36,0.00,433.33,0.0033280957,0
20.50,22.39,0.00,435.00,0.0033330844,0
20.50,22.34,0.00,433.80,0.0033256014,0
20.50,22.39,0.00,435.33,0.0033330844,0
20.50,22.39,0.00,437.25,0.0033330844,0
20.50,22.39,0.00,434.40,0.0033330844,0
20.50,22.39,0.00,431.75,0.0033330844,0
20.50,22.39,0.00,437.33,0.0033330844,0
20.50,22.39,0.00,439.67,0.0033330844,0
20.48,22.37,0.00,435.60,0.0033255490,0
20.46,22.35,0.00,433.00,0.0033180274,0
20.48,22.39,0.00,432.60,0.0033288371,0
20.50,22.39,0.00,435.75,0.0033330844,0
20.43,22.32,0.00,436.00,0.0033080197,0
20.50,22.39,0.00,434.50,0.0033330844,0
20.48,22.39,0.00,435.40,0.0033288371,0
20.43,22.32,0.00,437.33,0.0033080197,0
20.42,22.39,0.00,430.75,0.0033164364,0
20.46,22.41,0.00,439.20,0.0033275795,0
20.47,22.39,0.00,441.50,0.0033274025,0
20.46,22.39,0.00,445.67,0.0033260081,0
20.50,22.39,0.00,443.25,0.0033330844,0
20.42,22.34,0.00,438.25,0.0033089917,0
20.46,22.46,0.00,437.00,0.0033364608,0
20.48,22.48,0.00,429.80,0.0033416907,0
20.50,22.46,0.00,431.20,0.0033429623,0
20.50,22.41,0.00,435.80,0.0033363770,0
20.47,22.39,0.00,435.75,0.0033277760,0
20.45,22.34,0.00,434.25,0.0033142716,0
20.50,22.43,0.00,434.60,0.0033396697,0
20.50,22.39,0.00,434.00,0.0033330844,0
20.50,22.39,0.00,433.50,0.0033330844,0
20.50,22.39,0.00,434.67,0.0033330844,0
20.50,22.39,0.00,437.50,0.0033330844,0
20.50,22.39,0.00,438.50,0.0033330844,0
20.50,22.43,0.00,436.67,0.0033385721,0
20.50,22.45,0.00,431.17,0.0033413160,0
20.50,22.39,0.00,436.00,0.0033330844,0
20.47,22.39,0.00,438.25,0.0033277760,0
20.50,22.46,0.00,439.00,0.0033440599,0
20.50,22.46,0.00,436.60,0.0033429623,0
20.50,22.39,0.00,432.67,0.0033330844,0
20.50,22.39,0.00,433.25,0.0033330844,0
20.47,22.39,0.00,433.50,0.0033274025,0
20.47,22.42,0.00,435.75,0.0033315112,0
20.50,22.50,0.00,436.00,0.0033495477,0
20.50,22.48,0.00,430.80,0.0033462550,0
20.43,22.41,0.00,435.40,0.0033227411,0
20.42,22.34,0.00,433.50,0.0033086195,0
20.39,22.39,0.00,429.75,0.0033104078,0
20.39,22.39,0.00,430.00,0.0033104078,0
20.39,22.39,0.00,433.00,0.0033104078,0
20.39,22.39,0.00,436.25,0.0033104078,0
20.39,22.39,0.00,433.50,0.0033104078,0
20.39,22.50,0.00,434.25,0.0033267585,0
20.39,22.46,0.00,430.33,0.0033213081,0
20.39,22.50,0.00,429.60,0.0033267585,0
20.39,22.50,0.00,433.50,0.0033267585,0
20.39,22.50,0.00,435.60,0.0033267585,0
20.39,22.50,0.00,434.67,0.0033267585,0
20.39,22.50,0.00,432.33,0.0033267585,0
20.39,22.50,0.00,438.00,0.0033267585,0
20.39,22.50,0.00,436.50,0.0033267585,0
20.39,22.50,0.00,440.75,0.0033267585,0
20.39,22.50,0.00,438.00,0.0033267585,0
20.39,22.50,0.00,434.75,0.0033267585,0
20.39,22.50,0.00,434.75,0.0033267585,0
20.39,22.50,0.00,435.67,0.0033267585,0
20.39,22.50,0.00,434.00,0.0033267585,0
20.35,22.50,0.00,429.20,0.0033185054,0
20.39,22.50,0.00,431.50,0.0033267585,0
20.39,22.50,0.00,430.00,0.0033267585,0
20.39,22.50,0.00,434.00,0.0033267585,0
20.39,22.50,0.00,434.25,0.0033267585,0
20.39,22.50,0.00,432.40,0.0033267585,0
20.39,22.46,0.00,434.33,0.0033213081,0
20.39,22.50,0.00,436.40,0.0033267585,0
20.39,22.50,0.00,435.75,0.0033267585,0
20.39,22.50,0.00,435.20,0.0033267585,0
20.39,22.50,0.00,436.75,0.0033267585,0
20.39,22.50,0.00,438.25,0.0033267585,0
20.39,22.50,0.00,438.75,0.0033267585,0
20.39,22.47,0.00,437.50,0.0033226707,0
20.39,22.46,0.00,439.33,0.0033213081,0
20.39,22.50,0.00,437.50,0.0033267585,0
20.39,22.50,0.00,433.60,0.0033267585,0
20.39,22.50,0.00,431.33,0.0033267585,0
20.39,22.50,0.00,434.80,0.0033267585,0
20.39,22.46,0.00,433.33,0.0033213081,0
20.39,22.47,0.00,433.80,0.0033226707,0
20.39,22.50,0.00,436.50,0.0033267585,0
20.39,22.50,0.00,434.00,0.0033267585,0
20.39,22.47,0.00,433.75,0.0033226707,0
20.39,22.45,0.00,435.50,0.0033185830,0
20.39,22.43,0.00,434.33,0.0033158579,0
20.39,22.50,0.00,431.75,0.0033267585,0
20.39,22.50,0.00,431.50,0.0033267585,0
20.39,22.50,0.00,432.50,0.0033267585,0
20.39,22.46,0.00,435.40,0.0033202181,0
20.39,22.50,0.00,436.67,0.0033267585,0
20.39,22.50,0.00,432.60,0.0033267585,0
20.39,22.46,0.00,433.00,0.0033213081,0
20.39,22.45,0.00,431.50,0.0033185830,0
20.39,22.50,0.00,431.80,0.0033267585,0
20.39,22.50,0.00,439.67,0.0033267585,0
20.39,22.50,0.00,436.67,0.0033267585,0
20.39,22.50,0.00,439.00,0.0033267585,0
20.39,22.50,0.00,436.25,0.0033267585,0
20.39,22.50,0.00,435.80,0.0033267585,0
20.39,22.43,0.00,438.33,0.0033158579,0
20.39,22.47,0.00,436.00,0.0033226707,0
20.39,22.50,0.00,433.67,0.0033267585,0
20.39,22.50,0.00,432.25,0.0033267585,0
20.39,22.50,0.00,433.50,0.0033267585,0
20.39,22.50,0.00,436.25,0.0033267585,0
20.39,22.50,0.00,435.00,0.0033267585,0
20.39,22.50,0.00,433.75,0.0033267585,0
20.39,22.50,0.00,440.67,0.0033267585,0
20.39,22.50,0.00,441.20,0.0033267585,0
20.39,22.50,0.00,435.25,0.0033267585,0
20.39,22.50,0.00,437.25,0.0033267585,0
20.39,22.50,0.00,435.50,0.0033267585,0
20.39,22.50,0.00,439.75,0.0033267585,0
20.39,22.50,0.00,438.00,0.0033267585,0
20.39,22.50,0.00,435.25,0.0033267585,0
20.39,22.50,0.00,434.20,0.0033267585,0
20.39,22.50,0.00,435.00,0.0033267585,0
20.37,22.50,0.00,436.50,0.0033215982,0
20.39,22.50,0.00,434.00,0.0033267585,0
20.39,22.50,0.00,435.25,0.0033267585,0
20.39,22.50,0.00,432.75,0.0033267585,0
20.39,22.50,0.00,432.00,0.0033267585,0
20.39,22.50,0.00,432.00,0.0033267585,0
20.39,22.50,0.00,431.50,0.0033267585,0
20.39,22.50,0.00,435.00,0.0033267585,0
20.39,22.50,0.00,437.67,0.0033267585,0
20.39,22.50,0.00,437.33,0.0033267585,0
20.37,22.50,0.00,438.00,0.0033215982,0
20.37,22.50,0.00,434.25,0.0033215982,0
20.34,22.58,0.00,435.75,0.0033275589,0
20.32,22.60,0.00,433.25,0.0033260943,0
20.32,22.60,0.00,434.75,0.0033260943,0
20.36,22.60,0.00,439.00,0.0033347138,0
20.34,22.60,0.00,439.25,0.0033312636,0
20.37,22.58,0.00,438.50,0.0033327295,0
20.29,22.60,0.00,437.60,0.0033209321,0
20.29,22.60,0.00,434.50,0.0033209321,0
20.29,22.60,0.00,435.50,0.0033209321,0
20.32,22.60,0.00,436.00,0.0033278166,0
20.29,22.60,0.00,435.20,0.0033209321,0
20.32,22.60,0.00,433.67,0.0033278166,0
20.29,22.60,0.00,434.25,0.0033209321,0
20.29,22.63,0.00,440.50,0.0033246253,0
20.29,22.63,0.00,440.67,0.0033258564,0
20.29,22.68,0.00,438.00,0.0033320119,0
20.29,22.70,0.00,433.80,0.0033357053,0
20.29,22.70,0.00,435.00,0.0033357053,0
20.29,22.70,0.00,434.75,0.0033357053,0
20.29,22.70,0.00,437.33,0.0033357053,0
20.29,22.70,0.00,439.50,0.0033357053,0
20.29,22.65,0.00,432.75,0.0033283186,0
20.29,22.60,0.00,435.00,0.0033209321,0
20.29,22.70,0.00,436.50,0.0033357053,0
20.29,22.68,0.00,434.67,0.0033320119,0
20.29,22.70,0.00,436.00,0.0033357053,0
20.29,22.70,0.00,441.50,0.0033357053,0
20.29,22.70,0.00,436.00,0.0033357053,0
20.29,22.68,0.00,435.75,0.0033320119,0
20.29,22.65,0.00,431.00,0.0033283186,0
20.29,22.70,0.00,434.00,0.0033357053,0
20.29,22.70,0.00,436.00,0.0033357053,0
20.29,22.70,0.00,436.50,0.0033357053,0
20.29,22.70,0.00,436.50,0.0033357053,0
20.29,22.70,0.00,436.25,0.0033357053,0
20.29,22.70,0.00,437.67,0.0033357053,0
20.29,22.70,0.00,432.25,0.0033357053,0
20.29,22.70,0.00,429.33,0.0033357053,0
20.29,22.70,0.00,432.25,0.0033357053,0
20.27,22.68,0.00,437.00,0.0033290249,0
20.26,22.67,0.00,433.33,0.0033245770,0
20.29,22.70,0.00,427.60,0.0033357053,0
20.29,22.70,0.00,436.00,0.0033357053,0
20.29,22.70,0.00,436.33,0.0033357053,0
20.29,22.70,0.00,435.25,0.0033357053,0
20.29,22.70,0.00,436.25,0.0033357053,0
20.29,22.70,0.00,434.25,0.0033357053,0
20.29,22.72,0.00,436.00,0.0033390294,0
20.27,22.70,0.00,434.50,0.0033310446,0
20.26,22.76,0.00,435.67,0.0033383399,0
20.29,22.70,0.00,433.00,0.0033357053,0
20.29,22.70,0.00,428.25,0.0033357053,0
20.29,22.70,0.00,434.20,0.0033357053,0
20.27,22.68,0.00,437.00,0.0033273564,0
20.27,22.72,0.00,433.67,0.0033339951,0
20.29,22.76,0.00,434.00,0.0033445695,0
20.29,22.77,0.00,439.60,0.0033463424,0
20.29,22.79,0.00,435.67,0.0033490018,0
20.29,22.77,0.00,431.00,0.0033456776,0
20.29,22.76,0.00,433.33,0.0033445695,0
20.29,22.70,0.00,434.50,0.0033357053,0
20.29,22.70,0.00,435.00,0.0033357053,0
20.29,22.70,0.00,437.75,0.0033357053,0
20.29,22.79,0.00,438.33,0.0033490018,0
20.29,22.72,0.00,438.00,0.0033390294,0
20.29,22.70,0.00,431.75,0.0033357053,0
20.29,22.77,0.00,432.75,0.0033456776,0
20.29,22.72,0.00,431.25,0.0033390294,0
20.29,22.70,0.00,437.25,0.0033357053,0
20.32,22.70,0.00,434.33,0.0033426206,0
20.37,22.70,0.00,429.50,0.0033512826,0
20.39,22.70,0.00,430.00,0.0033564892,0
20.39,22.70,0.00,434.00,0.0033564892,0
20.39,22.70,0.00,437.75,0.0033564892,0
20.39,22.70,0.00,434.67,0.0033564892,0
20.39,22.70,0.00,431.75,0.0033564892,0
20.39,22.65,0.00,437.50,0.0033490563,0
20.39,22.68,0.00,433.80,0.0033535160,0
20.39,22.70,0.00,435.80,0.0033564892,0
20.39,22.70,0.00,437.67,0.0033564892,0
20.39,22.70,0.00,434.25,0.0033564892,0
20.39,22.68,0.00,433.00,0.0033527727,0
20.39,22.70,0.00,436.25,0.0033564892,0
20.37,22.70,0.00,436.80,0.0033523233,0
20.32,22.70,0.00,438.00,0.0033426206,0
20.29,22.72,0.00,438.75,0.0033390294,0
20.29,22.75,0.00,439.50,0.0033423535,0
20.29,22.79,0.00,441.25,0.0033490018,0
20.29,22.79,0.00,432.00,0.0033490018,0
20.29,22.79,0.00,431.67,0.0033490018,0
20.29,22.79,0.00,435.00,0.0033490018,0
20.29,22.79,0.00,435.75,0.0033490018,0
20.26,22.79,0.00,436.33,0.0033427638,0
20.29,22.84,0.00,436.00,0.0033563889,0
20.27,22.84,0.00,439.25,0.0033516991,0
20.25,22.82,0.00,435.00,0.0033433319,0
20.24,22.83,0.00,431.40,0.0033436707,0
20.29,22.89,0.00,435.33,0.0033637763,0
20.20,22.79,0.00,439.67,0.0033303187,0
20.22,22.81,0.00,431.40,0.0033369895,0
20.25,22.84,0.00,431.00,0.0033470151,0
20.20,22.79,0.00,431.75,0.0033303187,0
20.25,22.84,0.00,437.75,0.0033470151,0
20.27,22.87,0.00,436.75,0.0033553876,0
20.20,22.79,0.00,432.00,0.0033303187,0
20.22,22.82,0.00,433.25,0.0033386588,0
20.20,22.79,0.00,434.50,0.0033303187,0
20.20,22.79,0.00,436.50,0.0033303187,0
20.22,22.82,0.00,438.25,0.0033386588,0
20.20,22.79,0.00,439.00,0.0033303187,0
20.20,22.82,0.00,441.20,0.0033339915,0
20.22,22.87,0.00,435.25,0.0033463828,0
20.20,22.89,0.00,433.75,0.0033450103,0
20.20,22.89,0.00,439.25,0.0033450103,0
20.20,22.89,0.00,442.00,0.0033450103,0
20.20,22.89,0.00,445.33,0.0033450103,0
20.20,22.89,0.00,440.60,0.0033450103,0
20.20,22.89,0.00,440.67,0.0033450103,0
20.24,22.83,0.00,440.20,0.0033436707,0
20.29,22.84,0.00,439.50,0.0033563889,0
20.29,22.79,0.00,441.67,0.0033490018,0
20.29,22.79,0.00,440.50,0.0033490018,0
20.29,22.79,0.00,437.00,0.0033490018,0
20.29,22.79,0.00,439.00,0.0033490018,0
20.29,22.79,0.00,438.50,0.0033490018,0
20.29,22.79,0.00,438.50,0.0033490018,0
20.32,22.79,0.00,440.25,0.0033542079,0
20.36,22.70,0.00,445.00,0.0033495486,0
20.34,22.75,0.00,442.75,0.0033527520,0
20.34,22.72,0.00,439.75,0.0033494175,0
20.32,22.77,0.00,434.50,0.0033508785,0
20.32,22.77,0.00,437.50,0.0033508785,0
20.29,22.79,0.00,440.00,0.0033490018,0
20.29,22.79,0.00,438.00,0.0033490018,0
20.29,22.79,217.20,441.60,0.0033490018,1
20.29,22.86,413.67,442.67,0.0033588514,1
20.29,22.96,433.00,445.60,0.0033735278,1
20.29,23.00,419.00,453.00,0.0033800291,0
20.32,23.10,419.00,459.25,0.0034000827,0
20.29,23.20,419.00,470.40,0.0034095817,0
20.31,23.20,416.20,466.00,0.0034138218,0
20.31,23.20,415.00,470.80,0.0034138218,1
20.33,23.20,412.20,476.60,0.0034180665,1
20.39,23.20,412.20,473.00,0.0034308285,1
20.37,23.25,413.50,473.00,0.0034321869,1
20.39,23.34,403.50,479.75,0.0034516467,1
20.39,23.43,397.40,494.20,0.0034656254,1
20.39,23.50,399.50,498.75,0.0034754405,1
20.39,23.66,397.40,501.00,0.0034992362,1
20.39,23.70,398.33,507.00,0.0035051854,1
20.39,23.70,399.50,518.00,0.0035051854,1
20.45,23.82,403.00,520.00,0.0035347132,1
20.50,23.89,407.67,523.67,0.0035576589,1
20.50,23.98,412.20,525.20,0.0035708390,1
20.50,24.03,413.00,531.33,0.0035791267,1
20.50,24.10,414.00,538.00,0.0035891122,1
20.50,24.10,412.20,536.40,0.0035891122,1
20.50,24.10,413.00,538.33,0.0035891122,1
20.50,24.18,412.20,541.00,0.0036010953,1
20.52,24.24,407.40,549.60,0.0036139665,1
20.50,24.32,407.00,555.17,0.0036225660,1
20.50,24.39,405.00,561.50,0.0036325529,1
20.50,24.39,405.00,569.00,0.0036325529,1
20.56,24.39,405.00,568.20,0.0036461026,1
20.55,24.39,412.00,572.00,0.0036438413,1
20.55,24.39,416.67,573.17,0.0036438413,1
20.58,24.39,419.00,583.00,0.0036506291,1
20.60,24.39,419.00,585.00,0.0036551605,1
20.67,24.39,419.00,584.67,0.0036703010,1
20.70,24.37,419.00,584.80,0.0036748583,1
20.70,24.39,419.00,591.40,0.0036778920,1
20.70,24.39,419.00,594.33,0.0036778920,1
20.70,24.39,419.00,600.50,0.0036778920,1
20.74,24.39,419.00,601.40,0.0036861058,1
20.73,24.39,419.00,606.00,0.0036847357,1
20.70,24.50,419.00,608.75,0.0036945780,1
20.75,24.50,419.00,616.80,0.0037069610,1
20.79,24.50,419.00,624.20,0.0037152367,1
20.77,24.52,419.00,625.60,0.0037141444,1
20.77,24.60,419.00,628.75,0.0037252963,1
20.75,24.66,419.00,635.20,0.0037313150,1
20.77,24.70,419.00,640.80,0.0037415737,1
20.79,24.70,421.80,642.40,0.0037457478,1
20.79,24.70,422.50,643.25,0.0037457478,1
20.79,24.74,427.40,643.60,0.0037512401,1
20.79,24.79,433.00,645.25,0.0037594787,1
20.78,24.79,433.00,652.67,0.0037559872,1
20.79,24.79,433.00,658.00,0.0037594787,1
20.79,24.79,433.00,665.50,0.0037594787,1
20.79,24.79,433.00,666.33,0.0037594787,1
20.79,24.79,433.00,666.50,0.0037594787,1
20.79,24.79,433.00,668.20,0.0037594787,1
20.79,24.79,433.00,668.00,0.0037594787,1
20.79,24.79,433.00,672.67,0.0037594787,1
20.79,24.79,433.00,672.75,0.0037594787,1
20.79,24.79,433.00,679.20,0.0037594787,1
20.82,24.82,433.00,683.50,0.0037691245,1
20.79,24.79,440.00,688.50,0.0037594787,1
20.84,24.84,434.50,686.00,0.0037787901,1
20.79,24.79,435.50,689.75,0.0037594787,1
20.89,24.89,443.40,700.00,0.0037981813,1
20.83,24.83,439.80,697.60,0.0037749214,1
20.87,24.87,439.80,695.80,0.0037904152,1
20.89,24.87,441.00,697.33,0.0037956224,1
20.89,24.89,442.50,701.25,0.0037981813,1
20.87,24.84,441.00,700.67,0.0037865964,1
20.87,24.78,441.00,694.83,0.0037766276,1
20.89,24.84,442.50,709.75,0.0037905048,1
20.89,24.86,435.00,715.00,0.0037930636,1
20.89,24.82,435.00,715.83,0.0037879461,1
20.89,24.79,429.00,713.80,0.0037828286,1
20.93,24.79,429.00,709.00,0.0037914222,1
20.89,24.85,429.00,716.20,0.0037920401,1
20.89,24.89,429.00,716.17,0.0037981813,1
20.89,24.95,432.75,725.00,0.0038066255,1
20.89,24.92,429.00,725.00,0.0038024034,1
20.89,24.98,435.00,727.60,0.0038116922,1
20.89,25.00,435.00,729.40,0.0038150701,1
20.89,25.00,441.00,730.80,0.0038150701,1
20.89,25.00,438.00,731.20,0.0038150701,1
20.92,25.00,444.00,736.25,0.0038215689,1
20.98,25.00,441.00,741.00,0.0038359007,1
21.00,24.96,444.00,742.33,0.0038354556,1
21.00,24.91,444.00,742.40,0.0038275200,1
21.03,24.89,444.00,746.75,0.0038300359,1
21.08,24.89,444.00,745.00,0.0038418935,1
21.10,24.89,444.00,742.00,0.0038478344,1
21.10,24.89,444.00,740.80,0.0038478344,1
21.13,24.82,444.00,747.33,0.0038453770,0
21.17,24.86,444.00,745.50,0.0038587704,0
21.20,25.16,444.00,752.67,0.0039144643,1
21.18,25.04,446.67,751.50,0.0038892134,1
21.15,24.92,449.33,750.33,0.0038640316,1
21.18,25.20,454.67,754.33,0.0039159102,1
21.20,25.34,448.00,765.75,0.0039421211,1
21.20,25.39,454.75,782.00,0.0039503404,1
21.23,25.45,453.00,786.67,0.0039659008,1
21.25,25.58,451.60,792.00,0.0039926758,1
21.20,25.76,453.00,800.33,0.0040084031,1
21.20,25.89,454.75,804.33,0.0040282383,1
21.20,26.05,449.50,815.20,0.0040532950,1
21.20,26.10,460.00,829.75,0.0040611256,1
21.20,26.16,442.00,837.17,0.0040700751,1
21.20,26.25,439.00,849.00,0.0040838356,1
21.20,26.29,439.00,853.50,0.0040908838,1
21.22,26.31,439.00,863.40,0.0040985712,1
21.24,26.41,442.00,864.40,0.0041191430,1
21.23,26.50,449.00,871.83,0.0041311655,1
21.22,26.53,454.00,872.25,0.0041334352,1
21.25,26.58,454.00,876.67,0.0041483471,1
21.26,26.57,454.00,890.33,0.0041495712,1
21.29,26.68,454.00,895.17,0.0041756442,1
21.29,26.76,454.00,901.00,0.0041877224,1
21.29,26.79,454.00,910.25,0.0041924488,1
21.32,26.77,454.00,918.50,0.0041953744,1
21.31,26.79,454.00,923.17,0.0041967651,1
21.31,26.79,454.00,926.75,0.0041976288,1
21.36,26.79,454.00,925.50,0.0042097376,1
21.31,26.83,463.00,927.60,0.0042039387,1
21.29,26.89,457.75,935.00,0.0042082040,1
21.35,26.93,463.00,932.00,0.0042307783,1
21.34,26.95,464.00,935.75,0.0042299064,1
21.32,27.00,469.00,946.75,0.0042320630,1
21.39,27.00,461.00,952.00,0.0042516985,1
21.39,27.10,462.33,959.33,0.0042675536,1
21.39,27.08,461.00,967.00,0.0042643825,1
21.39,27.10,464.00,969.00,0.0042675536,1
21.42,27.22,464.00,982.50,0.0042938602,1
21.43,27.23,462.33,983.00,0.0042978784,1
21.41,27.27,453.00,985.40,0.0043006602,1
21.46,27.33,453.00,996.20,0.0043215840,1
21.48,27.36,449.00,1004.50,0.0043326830,1
21.50,27.31,458.00,1004.40,0.0043304523,1
21.50,27.32,460.25,1009.25,0.0043309313,1
21.54,27.72,461.00,1019.00,0.0044061337,1
21.55,27.50,464.00,1034.25,0.0043739315,1
21.60,27.46,464.00,1035.33,0.0043815390,1
21.60,27.46,464.00,1031.00,0.0043815390,1
21.60,27.47,467.75,1028.25,0.0043830118,1
21.60,27.46,473.00,1030.00,0.0043803608,1
21.60,27.50,479.00,1032.25,0.0043874301,1
21.60,27.60,479.00,1033.50,0.0044034974,1
21.60,27.54,479.00,1045.00,0.0043938569,1
21.60,27.53,474.00,1040.25,0.0043914469,1
21.60,27.57,472.33,1044.00,0.0043981415,1
21.63,27.63,477.75,1041.25,0.0044143085,1
21.64,27.72,476.00,1045.80,0.0044330480,1
21.66,27.83,479.00,1054.20,0.0044568997,1
21.68,27.84,474.00,1054.80,0.0044649246,1
21.65,27.84,474.00,1069.80,0.0044557672,1
21.70,27.84,474.00,1073.67,0.0044695095,1
21.70,27.91,474.00,1073.40,0.0044811519,1
21.70,28.07,474.00,1076.75,0.0045071062,1
21.70,27.97,474.00,1086.75,0.0044901265,1
21.70,27.89,484.00,1086.67,0.0044781335,1
21.70,27.95,479.00,1078.83,0.0044864881,1
21.70,27.91,483.00,1077.60,0.0044811519,1
21.70,27.97,489.00,1080.50,0.0044909350,1
21.70,27.92,489.00,1088.75,0.0044820413,1
21.70,27.89,489.00,1083.67,0.0044775945,1
21.70,27.86,482.00,1076.17,0.0044722045,1
21.70,27.93,480.60,1079.40,0.0044847094,1
21.70,28.10,495.25,1088.00,0.0045115534,1
21.70,27.91,484.83,1092.50,0.0044805590,1
21.70,27.96,484.00,1094.67,0.0044891832,1
21.72,27.97,484.00,1091.40,0.0044961582,1
21.70,28.10,484.00,1101.67,0.0045115534,1
21.79,28.07,484.00,1111.00,0.0045311985,1
21.72,28.10,484.00,1119.40,0.0045165568,1
21.76,28.08,484.00,1122.50,0.0045255450,1
21.77,28.13,495.25,1127.50,0.0045344012,1
21.73,28.13,499.00,1131.00,0.0045252957,1
21.78,28.05,499.00,1127.83,0.0045243096,1
21.78,28.09,499.00,1128.86,0.0045307095,1
21.79,28.13,499.00,1123.50,0.0045406848,1
21.79,28.16,490.60,1127.80,0.0045460515,1
21.79,28.26,502.00,1148.67,0.0045626400,1
21.84,28.10,493.00,1151.50,0.0045505977,1
21.82,28.13,493.00,1142.33,0.0045513660,1
21.87,28.25,493.00,1142.00,0.0045838455,1
21.89,28.18,495.67,1146.00,0.0045782506,1
21.89,28.25,499.40,1142.20,0.0045898148,1
21.89,28.29,509.00,1159.80,0.0045957061,1
21.89,28.31,500.60,1168.00,0.0045989791,1
21.89,28.38,506.43,1181.14,0.0046097336,1
21.89,28.39,510.00,1180.00,0.0046120715,1
21.89,28.38,503.00,1183.71,0.0046097336,1
21.89,28.31,503.00,1189.67,0.0045984336,1
21.89,28.32,503.00,1190.00,0.0045997974,1
21.89,28.31,512.00,1178.80,0.0045989791,1
21.89,28.37,518.00,1173.00,0.0046079801,1
21.91,28.37,518.00,1170.60,0.0046150379,1
21.89,28.39,518.00,1178.60,0.0046120715,1
21.89,28.45,513.00,1193.50,0.0046210729,1
21.89,28.45,513.00,1201.50,0.0046210729,1
21.89,28.50,511.33,1189.67,0.0046300745,1
21.89,28.33,518.20,1190.40,0.0046022522,1
21.91,28.31,513.00,1172.67,0.0046038940,1
21.95,28.29,513.00,1177.75,0.0046112743,1
21.93,28.29,519.00,1184.80,0.0046081569,1
22.00,28.29,528.00,1188.25,0.0046268890,1
21.98,28.29,528.00,1189.50,0.0046216789,1
21.95,28.29,528.00,1191.50,0.0046112743,1
21.98,28.29,532.80,1193.00,0.0046206375,1
22.00,28.29,534.25,1190.00,0.0046268890,1
22.00,28.29,528.00,1198.50,0.0046268890,1
22.00,28.20,523.00,1198.00,0.0046120602,1
22.00,28.22,526.00,1194.20,0.0046150259,1
22.00,28.22,534.25,1185.00,0.0046157673,1
22.00,28.27,538.00,1194.00,0.0046231817,1
22.03,28.26,538.00,1193.13,0.0046286388,1
22.06,28.27,538.00,1190.40,0.0046413303,1
22.05,28.34,532.25,1192.25,0.0046493887,1
22.10,28.39,547.50,1200.50,0.0046719785,1
22.08,28.37,544.20,1198.60,0.0046629318,1
22.10,28.39,536.33,1197.00,0.0046719785,1
22.10,28.37,535.00,1197.50,0.0046678336,1
22.06,28.35,534.20,1203.00,0.0046538995,1
22.10,28.39,533.67,1206.50,0.0046719785,1
22.08,28.36,533.67,1207.17,0.0046619542,1
22.10,28.39,535.00,1213.00,0.0046719785,1
22.10,28.36,547.00,1211.50,0.0046664519,1
22.10,28.37,553.40,1208.20,0.0046689941,1
22.10,28.20,550.50,1209.25,0.0046404781,1
22.10,28.20,543.67,1201.67,0.0046404781,1
22.15,28.10,550.75,1189.75,0.0046381156,1
22.10,28.20,555.00,1191.00,0.0046404781,1
22.12,28.07,555.00,1192.17,0.0046231029,1
22.17,28.00,557.67,1184.33,0.0046262171,1
22.18,28.06,555.00,1176.40,0.0046399996,1
22.13,28.00,557.67,1175.67,0.0046167616,1
22.16,27.96,556.40,1173.80,0.0046170039,1
22.20,27.92,555.00,1170.75,0.0046219295,1
22.18,27.95,555.00,1170.25,0.0046194243,1
22.18,27.81,555.00,1168.00,0.0045987393,1
22.20,27.82,555.00,1160.83,0.0046062241,1
22.20,27.79,546.50,1161.00,0.0046006649,1
22.20,27.79,538.00,1166.00,0.0046006649,1
22.20,27.77,543.00,1164.40,0.0045976630,1
22.20,27.72,550.50,1157.75,0.0045894077,1
22.20,27.77,543.00,1148.60,0.0045976630,1
22.20,27.72,547.00,1153.75,0.0045894077,1
22.20,27.70,544.20,1152.40,0.0045856555,1
22.18,27.70,543.00,1147.25,0.0045786266,1
22.20,27.70,544.25,1147.50,0.0045856555,1
22.20,27.70,548.00,1144.00,0.0045856555,1
22.20,27.64,535.71,1137.86,0.0045761260,0
22.20,27.70,543.00,1133.00,0.0045856555,1
22.20,27.60,538.00,1121.20,0.0045689791,1
22.20,27.52,549.33,1110.83,0.0045550829,1
22.20,27.50,547.00,1093.25,0.0045523037,1
22.20,27.54,538.60,1093.20,0.0045589738,1
22.20,27.57,549.33,1102.50,0.0045634206,1
22.20,27.52,548.60,1104.40,0.0045556387,1
22.20,27.58,543.00,1101.75,0.0045656440,1
22.20,27.60,548.50,1098.75,0.0045689791,1
22.20,27.56,555.00,1092.40,0.0045623089,1
22.20,27.50,555.00,1094.00,0.0045523037,1
22.25,27.56,556.40,1092.40,0.0045774456,1
22.22,27.58,556.67,1081.67,0.0045711153,1
22.25,27.58,562.00,1077.00,0.0045788215,1
22.25,27.54,555.60,1074.40,0.0045740993,1
22.29,27.55,558.00,1072.25,0.0045858844,1
22.29,27.50,563.40,1070.40,0.0045775004,1
22.27,27.50,570.00,1071.00,0.0045724512,1
22.29,27.48,565.83,1078.17,0.0045744262,1
22.29,27.50,553.00,1071.75,0.0045775004,1
22.29,27.45,561.83,1066.83,0.0045682781,1
22.29,27.46,562.40,1068.40,0.0045701225,1
22.29,27.37,560.60,1064.20,0.0045557028,1
22.29,27.36,559.67,1060.33,0.0045534672,1
22.31,27.39,569.83,1061.50,0.0045637167,1
22.33,27.37,581.00,1057.00,0.0045668868,1
22.35,27.33,593.00,1057.80,0.0045657564,1
22.39,27.29,601.00,1065.00,0.0045702121,1
22.39,27.29,600.40,1064.20,0.0045702121,1
22.39,27.25,616.00,1061.80,0.0045641390,1
22.39,27.29,603.60,1064.00,0.0045702121,0
22.39,27.27,587.50,1065.25,0.0045664164,0
22.39,27.20,575.00,1050.50,0.0045550296,0
22.39,27.14,579.20,1045.20,0.0045449083,1
22.43,27.04,584.80,1049.60,0.0045402593,1
22.43,27.03,609.67,1041.33,0.0045370938,1
22.43,27.03,625.67,1038.00,0.0045370938,1
22.43,26.98,629.67,1035.17,0.0045283592,1
22.50,27.00,617.00,1040.00,0.0045518497,1
22.50,27.00,624.80,1036.25,0.0045518497,1
22.50,26.96,641.33,1033.25,0.0045456230,1
22.50,26.89,659.40,1037.00,0.0045331700,1
22.58,26.81,644.60,1031.20,0.0045417630,1
22.58,26.79,653.00,1033.00,0.0045369624,1
22.60,26.79,659.00,1032.25,0.0045439054,1
22.60,26.79,660.00,1030.17,0.0045439054,1
22.60,26.72,668.50,1033.00,0.0045323732,1
22.67,26.71,652.50,1030.33,0.0045493138,1
22.68,26.68,652.75,1028.50,0.0045450525,1
22.70,26.70,654.20,1020.40,0.0045563001,1
22.70,26.68,656.17,1023.67,0.0045534352,1
22.72,26.60,650.75,1021.25,0.0045453561,1
22.75,26.60,663.75,1014.75,0.0045516090,1
22.75,26.55,651.00,1017.00,0.0045429908,1
22.79,26.52,648.33,1014.17,0.0045497342,1
22.79,26.60,651.00,1022.50,0.0045641375,1
22.79,26.53,651.00,1027.25,0.0045511745,1
22.84,26.50,651.00,1022.00,0.0045607567,1
22.87,26.46,657.80,1019.00,0.0045614744,1
22.89,26.45,668.00,1020.75,0.0045651328,1
22.89,26.39,668.00,1015.50,0.0045555688,1
22.91,26.39,663.67,1016.00,0.0045606681,1
22.96,26.39,664.60,1011.00,0.0045739500,1
22.96,26.29,668.00,1018.67,0.0045585294,1
23.00,26.29,662.33,1006.33,0.0045687340,1
22.96,26.24,647.80,1008.20,0.0045470634,1
23.00,26.20,651.67,1009.33,0.0045529792,1
23.00,26.20,651.67,1006.17,0.0045529792,1
23.02,26.16,650.00,1004.40,0.0045515239,1
23.03,26.13,653.75,999.75,0.0045467756,1
23.05,26.08,660.00,994.17,0.0045463940,1
23.10,26.00,656.00,992.50,0.0045455919,1
23.10,26.00,660.00,995.67,0.0045455919,1
23.10,26.00,655.00,994.00,0.0045455919,1
23.14,26.00,660.00,990.20,0.0045566818,1
23.18,26.00,655.00,993.40,0.0045677956,1
23.20,26.00,650.00,998.50,0.0045733614,1
23.20,26.00,651.67,997.25,0.0045733614,1
23.20,25.95,653.17,992.50,0.0045636160,1
23.22,25.92,653.75,996.50,0.0045649919,1
23.22,25.82,659.75,993.75,0.0045468061,1
23.26,25.86,338.33,997.33,0.0045646047,0
23.29,25.98,197.17,996.50,0.0045946213,0
23.27,25.87,184.00,998.60,0.0045703119,0
23.29,25.89,173.20,993.40,0.0045788834,0
23.27,25.87,193.00,994.25,0.0045681711,0
23.29,25.89,193.00,990.17,0.0045788834,0
23.25,25.83,178.00,984.00,0.0045548137,0
23.25,25.85,184.00,983.60,0.0045617532,0
23.26,25.79,186.00,983.33,0.0045533423,0
23.27,25.77,178.00,974.60,0.0045528721,0
23.25,25.72,178.00,961.00,0.0045352713,0
23.29,25.72,173.50,954.25,0.0045490428,0
23.25,25.70,174.50,951.50,0.0045326065,0
23.22,25.68,169.67,952.50,0.0045213823,0
23.22,25.68,168.50,946.33,0.0045213823,0
23.20,25.60,171.00,942.00,0.0045024927,0
23.20,25.60,176.00,933.20,0.0045024927,0
23.20,25.58,176.00,928.80,0.0044989497,0
23.20,25.55,177.25,924.00,0.0044936352,0
23.20,25.55,171.00,918.00,0.0044936352,0
23.20,25.50,171.00,912.75,0.0044847780,0
23.20,25.50,171.00,907.00,0.0044847780,0
23.19,25.53,268.71,899.29,0.0044859362,0
23.20,25.70,538.75,917.25,0.0045202083,1
23.20,25.79,627.60,919.80,0.0045365077,0
23.20,25.65,638.00,938.25,0.0045113504,0
23.20,25.53,634.00,922.17,0.0044906828,0
23.20,25.50,629.00,899.00,0.0044847780,0
23.20,25.52,557.67,895.33,0.0044877304,0
23.20,25.72,547.00,899.75,0.0045241945,1
23.20,25.54,543.00,894.40,0.0044918637,1
23.18,25.52,561.83,880.33,0.0044831792,1
23.15,25.50,597.75,879.75,0.0044711458,1
23.20,25.50,561.50,870.50,0.0044847780,1
23.20,25.50,598.40,866.20,0.0044847780,1
23.18,25.50,609.60,866.40,0.0044793207,1
23.20,25.53,587.00,869.75,0.0044892066,1
23.20,25.58,596.80,874.20,0.0044989497,1
23.18,25.60,595.00,877.50,0.0044956449,1
23.18,25.70,608.33,879.00,0.0045156240,1
23.20,25.68,611.60,875.50,0.0045166651,1
23.20,25.70,610.20,881.33,0.0045202083,1
23.22,25.70,616.60,882.40,0.0045251640,1
23.23,25.72,608.33,883.00,0.0045311328,1
23.25,25.68,609.00,884.50,0.0045315347,1
23.27,25.72,599.00,888.25,0.0045428195,1
23.27,25.77,594.80,889.40,0.0045528721,1
23.29,25.79,585.75,895.00,0.0045610678,1
23.29,25.79,584.80,894.40,0.0045610678,1
23.29,25.79,592.75,898.25,0.0045610678,1
23.29,25.79,586.50,898.00,0.0045610678,1
23.29,25.79,585.00,898.80,0.0045610678,1
23.29,25.79,576.75,901.00,0.0045610678,1
23.29,25.79,566.00,900.14,0.0045610678,1
23.29,25.77,560.00,898.25,0.0045570594,1
23.29,25.75,566.00,895.60,0.0045546544,1
23.29,25.79,569.33,892.33,0.0045616616,1
23.29,26.16,561.00,911.17,0.0046269906,1
23.29,25.89,561.00,912.00,0.0045788834,1
23.29,25.89,561.00,913.00,0.0045788834,1
23.29,26.06,558.30,921.40,0.0046090237,1
23.29,26.23,555.60,929.80,0.0046391670,1
23.29,26.46,558.80,951.80,0.0046797388,1
23.29,26.58,546.00,956.75,0.0047009475,1
23.29,26.62,546.00,968.00,0.0047089680,1
23.29,26.75,542.80,966.00,0.0047328524,1
23.29,26.79,544.80,971.80,0.0047392694,1
23.29,26.87,541.40,983.00,0.0047535299,1
23.33,26.96,538.00,993.60,0.0047804825,1
23.29,27.00,538.40,999.60,0.0047767046,1
23.35,27.08,538.40,1005.40,0.0048084905,1
23.32,27.10,534.50,1013.75,0.0048018326,1
23.29,27.14,538.80,1019.80,0.0048016639,1
23.29,27.26,531.00,1023.00,0.0048230592,1
23.29,27.41,526.83,1027.50,0.0048495082,1
23.29,27.42,526.75,1038.50,0.0048511427,1
23.29,27.50,519.67,1049.00,0.0048658541,1
23.29,27.50,505.80,1051.80,0.0048658541,1
23.32,27.59,493.00,1056.00,0.0048896351,1
23.29,27.65,503.50,1054.50,0.0048926039,1
23.29,27.77,496.20,1066.60,0.0049143621,1
23.29,27.70,513.00,1074.00,0.0049015210,1
23.29,27.79,520.50,1068.25,0.0049175724,1
23.33,27.87,528.00,1075.60,0.0049445784,1
23.29,27.92,516.75,1085.25,0.0049403134,1
23.29,27.96,513.00,1096.33,0.0049484886,1
23.30,28.01,503.71,1099.14,0.0049618904,1
23.32,28.10,503.00,1108.83,0.0049829677,1
23.29,28.10,498.00,1117.00,0.0049728670,1
23.29,28.24,481.60,1116.00,0.0049971283,1
23.29,28.35,484.00,1120.20,0.0050174665,1
23.29,28.39,483.40,1120.60,0.0050246030,1
23.29,28.53,485.00,1129.33,0.0050501768,1
23.29,28.58,478.00,1132.25,0.0050576114,1
23.29,28.60,478.75,1132.50,0.0050620723,1
23.29,28.68,474.00,1142.83,0.0050769423,1
23.29,28.77,473.00,1152.00,0.0050927648,1
23.29,28.79,474.00,1156.75,0.0050959770,1
23.29,28.89,479.00,1159.33,0.0051138230,1
23.25,28.91,476.00,1160.80,0.0051065410,1
23.25,28.92,467.75,1160.00,0.0051051662,1
23.24,28.98,464.00,1167.00,0.0051126851,1
23.20,29.05,464.00,1171.00,0.0051142630,1
23.22,29.15,464.00,1175.50,0.0051390541,1
23.20,29.20,453.00,1181.00,0.0051408889,1
23.20,29.20,464.00,1192.00,0.0051408889,1
23.20,29.20,464.00,1197.75,0.0051408889,1
23.20,29.25,461.00,1198.20,0.0051504747,1
23.20,29.33,464.00,1196.50,0.0051639664,1
23.20,29.36,464.00,1203.25,0.0051687004,1
23.14,29.46,469.00,1209.00,0.0051674018,1
23.13,29.47,469.00,1212.25,0.0051655939,1
23.10,29.50,463.00,1219.60,0.0051625773,1
23.10,29.55,465.25,1218.75,0.0051714002,1
23.10,29.60,466.00,1221.60,0.0051802233,1
23.10,29.62,469.00,1219.80,0.0051837526,1
23.10,29.70,466.50,1224.67,0.0051978703,1
23.10,29.75,469.00,1233.75,0.0052058118,1
23.10,29.84,469.00,1235.75,0.0052225778,1
23.10,29.84,469.00,1239.50,0.0052225778,1
23.09,29.89,465.67,1245.00,0.0052268458,1
23.07,29.86,464.00,1247.25,0.0052149047,1
23.03,29.92,469.00,1246.00,0.0052123506,1
23.02,29.96,462.33,1245.17,0.0052177486,1
23.00,30.00,465.00,1254.60,0.0052188756,1
23.00,30.00,461.00,1261.20,0.0052188756,1
23.00,30.00,464.00,1261.00,0.0052188756,1
23.00,30.02,462.33,1263.67,0.0052217993,1
23.00,30.06,461.00,1270.20,0.0052294011,1
23.00,30.08,464.00,1273.25,0.0052320326,1
23.00,30.12,461.00,1280.20,0.0052399270,1
23.00,30.15,469.00,1284.50,0.0052451900,1
23.00,30.23,462.33,1285.17,0.0052592253,1
23.00,30.29,462.33,1290.67,0.0052697522,1
22.97,30.30,460.43,1294.57,0.0052621521,1
22.92,30.29,464.00,1294.00,0.0052432718,1
22.91,30.29,461.00,1301.00,0.0052415106,1
22.91,30.31,462.33,1313.17,0.0052432445,1
22.89,30.34,464.00,1312.75,0.0052431846,1
22.95,30.39,469.00,1311.50,0.0052695717,1
22.93,30.37,469.00,1317.60,0.0052607636,1
22.96,30.39,469.00,1327.50,0.0052754746,1
22.94,30.39,469.00,1330.29,0.0052672934,1
22.93,30.46,466.00,1330.00,0.0052775665,1
22.92,30.50,465.25,1328.75,0.0052799319,1
22.94,30.41,456.14,1330.00,0.0052697904,1
22.96,30.41,454.00,1321.80,0.0052769624,1
22.89,30.45,454.00,1321.50,0.0052614836,1
22.93,30.60,454.00,1331.60,0.0053027323,1
22.91,30.60,454.00,1336.83,0.0052944250,1
22.89,30.68,454.00,1340.00,0.0053024423,1
22.95,30.70,454.00,1350.75,0.0053237853,1
22.89,30.68,454.00,1356.00,0.0053015708,1
22.89,30.68,454.00,1351.75,0.0053015708,1
22.89,30.75,454.00,1360.17,0.0053137723,1
22.89,30.79,454.00,1364.20,0.0053216164,1
22.89,30.75,454.00,1363.20,0.0053153411,1
22.89,30.79,454.00,1363.17,0.0053216164,1
22.89,30.79,454.00,1367.00,0.0053216164,1
22.89,30.79,454.00,1368.50,0.0053216164,1
22.91,30.79,454.00,1365.80,0.0053287740,1
22.89,30.89,454.00,1361.60,0.0053390483,1
22.89,30.87,465.25,1372.00,0.0053346902,1
22.89,30.89,465.25,1385.25,0.0053390483,1
22.89,30.89,469.00,1386.40,0.0053390483,1
22.89,30.89,469.00,1393.17,0.0053390483,1
22.89,30.85,469.00,1393.00,0.0053320754,1
22.89,30.79,460.00,1389.00,0.0053216164,1
22.89,30.79,454.00,1385.20,0.0053216164,1
22.89,30.86,454.00,1377.33,0.0053332376,1
22.89,30.86,454.00,1383.83,0.0053332376,1
22.89,30.83,442.00,1388.60,0.0053285890,1
22.89,30.87,449.50,1377.50,0.0053346902,1
22.89,30.89,451.60,1374.00,0.0053390483,1
22.89,30.89,451.60,1377.60,0.0053390483,1
22.89,30.89,456.80,1373.00,0.0053390483,1
22.87,30.84,444.00,1372.25,0.0053221954,1
22.89,30.89,444.00,1376.00,0.0053390483,1
22.84,30.84,444.00,1361.75,0.0053140696,1
22.79,30.81,444.00,1356.60,0.0052926533,1
22.79,30.84,444.00,1363.00,0.0052978508,1
22.79,30.83,444.00,1363.80,0.0052961183,1
22.79,30.89,444.00,1363.50,0.0053065133,1
22.79,30.89,444.00,1369.33,0.0053065133,1
22.79,30.92,444.00,1366.25,0.0053112778,1
22.79,30.89,444.00,1372.57,0.0053065133,1
22.79,30.89,444.00,1361.67,0.0053065133,1
22.79,30.89,444.00,1367.25,0.0053065133,1
22.79,30.89,444.00,1359.00,0.0053065133,1
22.79,30.93,444.00,1363.80,0.0053141365,1
22.79,30.89,444.00,1353.75,0.0053065133,1
22.79,31.00,444.00,1356.33,0.0053255717,1
22.79,31.00,444.00,1363.80,0.0053255717,1
22.77,31.02,444.00,1364.00,0.0053231743,1
22.79,31.05,444.00,1373.33,0.0053342350,1
22.77,31.13,440.25,1374.25,0.0053398777,1
22.79,31.08,444.00,1369.00,0.0053400106,1
22.79,31.08,444.75,1360.75,0.0053385667,1
22.79,31.11,441.29,1359.50,0.0053453739,1
22.75,31.15,447.00,1366.33,0.0053368539,1
22.77,31.20,439.80,1377.00,0.0053543290,1
22.79,31.20,441.00,1379.50,0.0053602263,1
22.75,31.20,442.50,1379.25,0.0053454939,1
22.72,31.20,442.50,1381.50,0.0053381411,1
22.75,31.29,438.00,1381.00,0.0053610465,1
22.73,31.17,441.00,1374.00,0.0053348363,1
22.73,31.21,441.00,1372.50,0.0053428929,1
22.70,31.10,442.50,1369.75,0.0053135654,1
22.70,31.12,443.40,1368.60,0.0053170117,1
22.72,31.20,441.00,1368.33,0.0053356922,1
22.70,31.17,441.00,1365.33,0.0053250532,1
22.72,31.20,441.00,1370.50,0.0053356922,1
22.72,31.20,441.00,1366.33,0.0053356922,1
22.70,31.20,442.50,1373.50,0.0053307972,1
22.75,31.22,438.00,1378.50,0.0053493820,1
22.70,31.27,441.00,1377.17,0.0053432048,1
22.70,31.25,447.00,1401.17,0.0053385519,1
22.70,31.27,442.50,1395.33,0.0053424293,1
22.70,31.29,447.00,1401.00,0.0053463067,1
22.70,31.29,444.00,1400.50,0.0053463067,1
22.70,31.29,447.00,1394.00,0.0053463067,1
22.70,31.29,447.00,1394.60,0.0053463067,1
22.70,31.29,447.00,1389.67,0.0053463067,1
22.70,31.29,447.00,1377.20,0.0053463067,1
22.70,31.29,447.00,1387.00,0.0053463067,1
22.70,31.38,439.00,1393.43,0.0053610784,1
22.70,31.39,447.00,1393.75,0.0053635404,1
22.70,31.39,441.40,1392.60,0.0053635404,1
22.70,31.37,438.60,1394.20,0.0053600936,1
22.70,31.42,440.00,1396.25,0.0053682798,1
22.70,31.39,443.50,1390.50,0.0053635404,1
22.72,31.37,436.50,1397.50,0.0053666152,1
22.70,31.42,433.00,1398.25,0.0053682798,1
22.70,31.47,433.00,1402.25,0.0053777588,1
22.70,31.38,433.00,1398.00,0.0053615708,1
22.70,31.29,433.00,1384.25,0.0053463067,1
22.70,31.29,433.00,1387.33,0.0053463067,1
22.70,31.29,433.00,1392.50,0.0053463067,1
22.70,31.24,433.00,1384.80,0.0053370009,1
22.72,31.32,433.00,1388.00,0.0053579864,1
22.70,31.27,433.00,1384.60,0.0053428601,1
22.70,31.28,433.00,1373.33,0.0053437218,1
22.70,31.18,433.00,1368.80,0.0053273508,1
22.70,31.20,433.00,1364.00,0.0053307972,1
22.70,31.15,433.00,1357.50,0.0053221812,1
22.70,31.20,433.00,1352.00,0.0053307972,1
22.70,31.20,433.00,1357.00,0.0053307972,1
22.70,31.10,433.00,1361.75,0.0053135654,1
22.70,31.10,433.00,1356.00,0.0053135654,1
22.70,31.10,433.00,1344.25,0.0053135654,1
22.70,31.05,433.00,1357.75,0.0053049498,1
22.70,31.10,433.00,1355.75,0.0053135654,1
22.70,31.10,433.00,1354.67,0.0053135654,1
22.70,31.02,433.00,1343.33,0.0052992062,1
22.70,31.05,433.00,1334.17,0.0053049498,1
22.72,30.97,433.00,1340.25,0.0052988856,1
22.74,30.93,433.00,1336.80,0.0052966152,1
22.77,31.00,433.00,1335.75,0.0053182491,1
22.73,31.00,433.00,1342.33,0.0053060644,1
22.72,31.00,433.00,1348.80,0.0053021706,1
22.70,31.00,433.00,1353.25,0.0052963345,1
22.70,30.91,433.00,1339.00,0.0052811721,1
22.70,30.95,433.00,1338.25,0.0052868579,1
22.70,30.96,433.00,1347.60,0.0052887532,1
22.70,30.97,433.00,1338.75,0.0052915962,1
22.70,30.89,433.00,1318.00,0.0052773816,1
22.70,30.87,433.00,1311.17,0.0052745100,1
22.66,30.83,433.00,1306.50,0.0052541676,1
22.68,30.87,433.00,1316.67,0.0052674855,1
22.70,30.89,433.00,1306.33,0.0052773816,1
22.70,30.79,429.50,1300.50,0.0052601527,1
22.68,30.72,433.00,1298.67,0.0052405012,1
22.68,30.75,424.60,1298.20,0.0052443715,1
22.70,30.77,426.00,1292.50,0.0052562763,1
22.68,30.72,426.00,1288.50,0.0052405012,1
22.70,30.70,433.00,1299.67,0.0052446475,1
22.65,30.65,423.67,1285.33,0.0052200380,1
22.70,30.68,426.00,1286.00,0.0052403406,1
22.60,30.58,419.00,1284.33,0.0051926715,1
22.60,30.58,422.50,1275.25,0.0051912448,1
22.60,30.60,419.00,1273.80,0.0051955249,1
22.60,30.60,419.00,1271.80,0.0051955249,1
22.60,30.55,419.00,1273.33,0.0051869647,1
22.60,30.58,419.00,1261.75,0.0051921008,1
22.60,30.57,419.00,1258.50,0.0051898181,1
22.60,30.47,419.00,1251.50,0.0051736969,1
22.60,30.45,419.00,1241.33,0.0051689890,1
22.60,30.47,419.00,1238.75,0.0051736969,1
22.60,30.37,419.00,1246.80,0.0051561499,1
22.60,30.32,419.00,1240.75,0.0051467349,1
22.60,30.37,419.00,1240.25,0.0051552940,1
22.60,30.28,426.00,1239.00,0.0051398877,1
22.60,30.25,422.50,1235.25,0.0051347525,1
22.60,30.25,424.60,1229.80,0.0051362930,1
22.60,30.18,419.00,1220.60,0.0051236264,1
22.60,30.17,419.00,1214.17,0.0051213442,1
22.60,30.10,419.00,1214.00,0.0051099333,1
22.60,30.14,419.00,1217.80,0.0051167798,1
22.60,30.10,419.00,1211.80,0.0051099333,1
22.60,30.10,419.00,1217.20,0.0051099333,1
22.60,30.10,415.50,1211.50,0.0051099333,1
22.60,30.18,419.00,1207.33,0.0051239117,1
22.60,30.10,419.00,1204.75,0.0051099333,1
22.60,30.12,0.00,1205.25,0.0051137844,0
22.58,30.05,0.00,1204.75,0.0050935737,0
22.50,30.10,0.00,1196.67,0.0050787367,0
22.50,30.10,0.00,1191.50,0.0050787367,0
22.50,30.10,0.00,1184.00,0.0050787367,0
22.45,30.10,0.00,1189.25,0.0050616504,0
22.39,30.08,0.00,1186.50,0.0050403910,0
22.39,30.10,0.00,1180.75,0.0050446148,0
22.39,30.05,0.00,1172.50,0.0050361672,0
22.37,30.08,0.00,1164.00,0.0050326708,0
22.36,30.10,0.00,1160.67,0.0050343149,0
22.29,30.00,0.00,1143.25,0.0049969799,0
22.27,29.95,0.00,1139.50,0.0049808645,0
22.25,29.97,0.00,1138.25,0.0049785966,0
22.20,29.82,0.00,1135.50,0.0049385676,0
22.20,29.84,0.00,1124.75,0.0049427415,0
22.20,29.86,0.00,1119.33,0.0049455242,0
22.13,29.79,0.00,1110.25,0.0049117218,0
22.10,29.79,0.00,1105.50,0.0049041850,0
22.10,29.75,0.00,1096.75,0.0048967185,0
22.10,29.70,0.00,1092.25,0.0048892522,0
22.10,29.60,0.00,1092.50,0.0048726612,0
22.03,29.53,0.00,1085.75,0.0048378728,0
22.00,29.46,0.00,1074.33,0.0048202773,0
22.00,29.39,0.00,1066.00,0.0048081870,0
22.00,29.39,0.00,1058.50,0.0048081870,0
21.92,29.29,0.00,1050.75,0.0047674564,0
21.89,29.27,0.00,1044.00,0.0047557149,0
21.96,29.20,0.00,1039.00,0.0047661093,0
21.89,29.20,0.00,1030.50,0.0047446631,0
21.89,29.20,0.00,1030.80,0.0047446631,0
21.89,29.20,0.00,1032.33,0.0047446631,0
21.89,29.16,0.00,1021.20,0.0047381141,0
21.89,29.20,0.00,1018.67,0.0047446631,0
21.89,29.20,0.00,1008.75,0.0047446631,0
21.79,29.00,0.00,1003.25,0.0046830141,0
21.81,29.00,0.00,989.80,0.0046887826,0
21.82,29.00,0.00,992.00,0.0046902257,0
21.79,28.97,0.00,985.75,0.0046785399,0
21.79,28.89,0.00,989.00,0.0046651177,0
21.72,28.89,0.00,983.00,0.0046457702,0
21.70,28.89,0.00,976.75,0.0046393367,0
21.70,28.89,0.00,970.33,0.0046393367,0
21.70,28.87,0.00,961.75,0.0046352921,0
21.70,28.87,0.00,958.75,0.0046352921,0
21.70,28.89,0.00,954.67,0.0046393367,0
21.70,28.79,0.00,950.50,0.0046231587,0
21.70,28.82,0.00,942.75,0.0046272032,0
21.68,28.79,0.00,938.25,0.0046160448,0
21.68,28.77,0.00,941.00,0.0046124105,0
21.63,28.73,0.00,944.33,0.0045945433,0
21.60,28.65,0.00,938.00,0.0045722532,0
21.60,28.68,0.00,934.50,0.0045762723,0
21.60,28.63,0.00,936.67,0.0045695738,0
21.60,28.60,0.00,926.00,0.0045642151,0
21.60,28.60,0.00,920.75,0.0045642151,0
21.60,28.56,0.00,920.20,0.0045577848,0
21.60,28.50,0.00,911.33,0.0045481396,0
21.60,28.50,0.00,905.33,0.0045481396,0
21.60,28.50,0.00,904.20,0.0045481396,0
21.60,28.50,0.00,899.67,0.0045481396,0
21.60,28.48,0.00,898.20,0.0045446031,0
21.60,28.47,0.00,898.25,0.0045437190,0
21.60,28.39,0.00,895.00,0.0045304576,0
21.60,28.39,0.00,891.67,0.0045304576,0
21.58,28.35,0.00,887.40,0.0045184547,0
21.60,28.29,0.00,885.33,0.0045143838,0
21.56,28.29,0.00,876.40,0.0045032672,0
21.53,28.29,0.00,871.33,0.0044958695,0
21.50,28.29,0.00,863.50,0.0044866376,0
21.50,28.27,0.00,865.25,0.0044830435,0
21.50,28.23,0.00,859.67,0.0044770534,0
21.50,28.26,0.00,858.67,0.0044818454,0
21.50,28.20,0.00,852.25,0.0044722614,0
21.50,28.18,0.00,849.25,0.0044682682,0
21.50,28.10,0.00,849.00,0.0044562887,0
21.50,28.10,0.00,845.00,0.0044562887,0
21.50,28.10,0.00,844.50,0.0044562887,0
21.50,28.05,0.00,843.75,0.0044483027,0
21.50,28.08,0.00,842.00,0.0044522957,0
21.50,28.10,0.00,833.20,0.0044562887,0
21.50,28.03,0.00,832.67,0.0044456407,0
21.42,27.95,0.00,825.25,0.0044090371,0
21.39,27.89,0.00,820.33,0.0043928369,0
21.42,27.92,0.00,824.50,0.0044046676,0
21.39,27.89,0.00,819.25,0.0043928369,0
21.39,27.89,0.00,820.20,0.0043928369,0
21.39,27.89,0.00,817.67,0.0043928369,0
21.37,27.89,0.00,808.00,0.0043860637,0
21.39,27.79,0.00,806.67,0.0043769755,0
21.39,27.86,0.00,804.67,0.0043875497,0
21.29,27.85,0.00,803.80,0.0043594941,0
21.29,27.79,0.00,806.00,0.0043500363,0
21.29,27.79,0.00,801.50,0.0043500363,0
21.34,27.79,0.00,802.00,0.0043634876,0
21.29,27.79,0.00,803.67,0.0043500363,0
21.29,27.79,0.00,800.00,0.0043500363,0
21.29,27.79,0.00,795.00,0.0043500363,0
21.29,27.79,0.00,785.00,0.0043500363,0
21.29,27.79,0.00,781.00,0.0043500363,0
21.29,27.79,0.00,782.00,0.0043500363,0
21.29,27.77,0.00,778.00,0.0043464897,0
21.29,27.79,0.00,772.50,0.0043500363,0
21.25,27.75,0.00,770.75,0.0043308882,0
21.22,27.72,0.00,769.00,0.0043194326,0
21.23,27.70,0.00,767.00,0.0043198098,0
21.20,27.70,0.00,764.00,0.0043118093,0
21.20,27.70,0.00,765.25,0.0043118093,0
21.20,27.65,0.00,765.00,0.0043039724,0
21.20,27.60,0.00,766.00,0.0042961357,0
21.20,27.60,0.00,758.50,0.0042961357,0
21.20,27.58,0.00,749.75,0.0042922174,0
21.20,27.60,0.00,749.00,0.0042961357,0
21.20,27.54,0.00,747.80,0.0042867319,0
21.20,27.50,0.00,744.00,0.0042804629,0
21.20,27.50,0.00,746.40,0.0042804629,0
21.20,27.47,0.00,750.50,0.0042761530,0
21.20,27.50,0.00,747.00,0.0042804629,0
21.20,27.47,0.00,750.00,0.0042761530,0
21.20,27.37,0.00,742.75,0.0042593058,0
21.20,27.34,0.00,737.75,0.0042553880,0
21.20,27.34,0.00,736.25,0.0042553880,0
21.20,27.29,0.00,738.25,0.0042475525,0
21.20,27.29,0.00,732.33,0.0042475525,0
21.20,27.29,0.00,725.40,0.0042475525,0
21.20,27.27,0.00,729.25,0.0042440266,0
21.20,27.25,0.00,727.00,0.0042405007,0
21.20,27.25,0.00,716.75,0.0042405007,0
21.20,27.20,0.00,715.67,0.0042334491,0
21.20,27.20,0.00,712.25,0.0042334491,0
21.20,27.20,0.00,719.00,0.0042334491,0
21.20,27.15,0.00,714.25,0.0042256142,0
21.20,27.14,0.00,711.40,0.0042240472,0
21.20,27.10,0.00,702.75,0.0042177794,0
21.20,27.10,0.00,701.00,0.0042177794,0
21.20,27.10,0.00,703.67,0.0042177794,0
21.20,27.03,0.00,707.25,0.0042060277,0
21.20,27.00,0.00,703.75,0.0042021105,0
21.20,27.00,0.00,699.50,0.0042021105,0
21.20,27.00,0.00,697.50,0.0042021105,0
21.20,27.00,0.00,696.67,0.0042021105,0
21.20,27.00,0.00,692.75,0.0042021105,0
21.20,27.00,0.00,692.60,0.0042021105,0
21.20,26.86,0.00,695.33,0.0041796531,0
21.20,26.89,0.00,690.50,0.0041848756,0
21.20,26.89,0.00,689.50,0.0041848756,0
21.20,26.89,0.00,692.33,0.0041848756,0
21.20,26.82,0.00,691.50,0.0041731251,0
21.20,26.79,0.00,687.60,0.0041692083,0
21.17,26.79,0.00,682.33,0.0041606296,0
21.20,26.79,0.00,677.67,0.0041692083,0
21.16,26.79,0.00,677.80,0.0041589158,0
21.20,26.79,0.00,684.33,0.0041692083,0
21.15,26.79,0.00,682.50,0.0041563461,0
21.18,26.79,0.00,675.00,0.0041627729,0
21.13,26.79,0.00,669.25,0.0041499282,0
21.20,26.75,0.00,668.50,0.0041621583,0
21.15,26.70,0.00,671.25,0.0041422901,0
21.10,26.70,0.00,674.33,0.0041295065,0
21.13,26.68,0.00,673.00,0.0041319957,0
21.13,26.60,0.00,671.50,0.0041203011,0
21.13,26.63,0.00,670.50,0.0041241992,0
21.10,26.63,0.00,669.75,0.0041178300,0
21.10,26.60,0.00,663.50,0.0041139379,0
21.10,26.60,0.00,665.00,0.0041139379,0
21.10,26.60,0.00,661.50,0.0041139379,0
21.10,26.60,0.00,657.75,0.0041139379,0
21.10,26.60,0.00,652.75,0.0041139379,0
21.10,26.60,0.00,653.25,0.0041139379,0
21.10,26.60,0.00,656.75,0.0041139379,0
21.10,26.60,0.00,651.00,0.0041139379,0
21.10,26.58,0.00,648.50,0.0041100459,0
21.10,26.55,0.00,652.25,0.0041061539,0
21.10,26.50,0.00,642.25,0.0040983701,0
21.10,26.50,0.00,643.75,0.0040983701,0
21.08,26.47,0.00,649.67,0.0040877654,0
21.10,26.50,0.00,649.50,0.0040983701,0
21.06,26.41,0.00,646.60,0.0040745808,0
21.07,26.46,0.00,643.00,0.0040842354,0
21.08,26.48,0.00,640.40,0.0040898846,0
21.08,26.39,0.00,640.75,0.0040749427,0
21.08,26.42,0.00,636.75,0.0040792169,0
21.05,26.39,0.00,634.75,0.0040686476,0
21.08,26.42,0.00,633.75,0.0040792169,0
21.00,26.29,0.00,632.00,0.0040406136,0
21.00,26.29,0.00,626.50,0.0040406136,0
21.03,26.32,0.00,628.67,0.0040541211,0
21.03,26.32,0.00,629.50,0.0040507408,0
21.05,26.34,0.00,630.50,0.0040608886,0
21.03,26.32,0.00,631.50,0.0040507408,0
21.03,26.32,0.00,629.50,0.0040507408,0
21.05,26.29,0.00,627.00,0.0040531298,0
21.00,26.27,0.00,624.50,0.0040371330,0
21.00,26.26,0.00,625.67,0.0040359728,0
21.00,26.29,0.00,624.50,0.0040406136,0
21.00,26.24,0.00,622.00,0.0040322603,0
21.00,26.27,0.00,622.75,0.0040371330,0
21.00,26.20,0.00,619.25,0.0040266916,0
21.00,26.20,0.00,616.00,0.0040266916,0
21.00,26.20,0.00,617.25,0.0040266916,0
21.00,26.20,0.00,616.40,0.0040266916,0
21.00,26.17,0.00,616.67,0.0040215354,0
21.00,26.13,0.00,614.75,0.0040150904,0
21.00,26.13,0.00,611.33,0.0040150904,0
21.00,26.10,0.00,613.60,0.0040112234,0
21.00,26.15,0.00,608.75,0.0040189574,0
21.00,26.10,0.00,611.00,0.0040112234,0
21.00,26.10,0.00,612.00,0.0040112234,0
21.00,26.10,0.00,608.80,0.0040112234,0
21.00,26.10,0.00,612.00,0.0040112234,0
21.00,26.10,0.00,604.50,0.0040112234,0
21.00,26.00,0.00,607.00,0.0039957560,0
21.00,26.00,0.00,614.75,0.0039957560,0
21.00,26.00,0.00,612.25,0.0039957560,0
21.00,26.00,0.00,607.50,0.0039957560,0
21.00,26.00,0.00,602.67,0.0039957560,0
21.00,26.00,0.00,605.25,0.0039957560,0
21.00,26.00,0.00,606.00,0.0039957560,0
21.00,26.00,0.00,602.25,0.0039957560,0
21.00,25.96,0.00,600.50,0.0039889506,0
21.00,26.00,0.00,600.50,0.0039957560,0
21.00,26.00,0.00,601.00,0.0039957560,0
21.00,25.93,0.00,600.40,0.0039855479,0
21.00,25.89,0.00,604.33,0.0039787427,0
21.00,25.89,0.00,606.00,0.0039787427,0
20.96,25.89,0.00,602.00,0.0039697270,0
21.00,25.89,0.00,596.00,0.0039787427,0
21.00,25.89,0.00,596.33,0.0039787427,0
21.00,25.89,0.00,594.00,0.0039787427,0
20.95,25.89,0.00,596.50,0.0039652258,0
20.96,25.89,0.00,596.00,0.0039697270,0
20.97,25.82,0.00,597.50,0.0039603996,0
21.00,25.82,0.00,594.25,0.0039671433,0
21.00,25.82,0.00,591.50,0.0039671433,0
20.98,25.83,0.00,594.20,0.0039640642,0
20.96,25.79,0.00,588.67,0.0039542964,0
20.93,25.79,0.00,585.33,0.0039453339,0
20.95,25.79,0.00,585.00,0.0039498129,0
20.95,25.79,0.00,582.25,0.0039498129,0
20.89,25.79,0.00,580.75,0.0039363892,0
20.92,25.75,0.00,585.00,0.0039361723,0
20.89,25.72,0.00,584.50,0.0039260215,0
20.96,25.70,0.00,583.33,0.0039404096,0
20.89,25.70,0.00,584.00,0.0039225657,0
20.91,25.70,0.00,581.80,0.0039279114,0
20.89,25.70,0.00,576.67,0.0039225657,0
20.89,25.70,0.00,579.33,0.0039225657,0
20.89,25.70,0.00,581.75,0.0039225657,0
20.89,25.70,0.00,582.75,0.0039225657,0
20.89,25.70,0.00,579.80,0.0039225657,0
20.92,25.70,0.00,578.50,0.0039292488,0
20.89,25.70,0.00,578.50,0.0039225657,0
20.89,25.70,0.00,580.50,0.0039225657,0
20.89,25.70,0.00,577.80,0.0039225657,0
20.89,25.70,0.00,582.75,0.0039225657,0
20.89,25.70,0.00,584.40,0.0039225657,0
20.89,25.60,0.00,582.67,0.0039072069,0
20.87,25.58,0.00,578.25,0.0038973304,0
20.89,25.60,0.00,575.67,0.0039072069,0
20.89,25.60,0.00,577.25,0.0039072069,0
20.87,25.58,0.00,577.20,0.0038993041,0
20.89,25.60,0.00,572.75,0.0039072069,0
20.89,25.60,0.00,576.50,0.0039072069,0
20.89,25.53,0.00,579.33,0.0038956883,0
20.89,25.53,0.00,571.60,0.0038956883,0
20.89,25.50,0.00,573.00,0.0038918489,0
20.89,25.50,0.00,573.50,0.0038918489,0
20.89,25.50,0.00,572.75,0.0038918489,0
20.89,25.50,0.00,573.60,0.0038918489,0
20.89,25.50,0.00,571.50,0.0038918489,0
20.86,25.46,0.00,573.33,0.0038782059,0
20.89,25.47,0.00,570.75,0.0038876256,0
20.89,25.39,0.00,568.00,0.0038749559,0
20.89,25.42,0.00,573.00,0.0038791791,0
20.89,25.39,0.00,569.67,0.0038749559,0
20.89,25.39,0.00,575.20,0.0038749559,0
20.89,25.39,0.00,578.00,0.0038749559,0
20.89,25.39,0.00,572.75,0.0038749559,0
20.89,25.39,0.00,569.60,0.0038749559,0
20.86,25.36,0.00,566.33,0.0038618591,0
20.86,25.36,0.00,567.33,0.0038618591,0
20.87,25.37,0.00,570.25,0.0038651300,0
20.89,25.39,0.00,575.00,0.0038749559,0
20.89,25.37,0.00,570.20,0.0038718846,0
20.89,25.36,0.00,565.33,0.0038698370,0
20.89,25.29,0.00,569.25,0.0038595995,0
20.89,25.32,0.00,567.25,0.0038634385,0
20.89,25.29,0.00,567.50,0.0038595995,0
20.87,25.27,0.00,566.00,0.0038501809,0
20.89,25.29,0.00,565.75,0.0038595995,0
20.89,25.27,0.00,564.50,0.0038561444,0
20.89,25.22,0.00,562.60,0.0038485433,0
20.89,25.29,0.00,561.33,0.0038595995,0
20.89,25.29,0.00,561.00,0.0038595995,0
20.89,25.29,0.00,566.75,0.0038595995,0
20.92,25.25,0.00,563.75,0.0038592526,0
20.89,25.20,0.00,566.75,0.0038457793,0
20.89,25.22,0.00,563.40,0.0038485433,0
20.89,25.20,0.00,564.25,0.0038457793,0
20.89,25.22,0.00,562.75,0.0038492343,0
20.92,25.20,0.00,560.00,0.0038523308,0
20.89,25.20,0.00,558.75,0.0038457793,0
20.89,25.20,0.00,558.50,0.0038457793,0
20.89,25.20,0.00,558.33,0.0038457793,0
20.89,25.20,0.00,561.40,0.0038457793,0
20.89,25.20,0.00,558.25,0.0038457793,0
20.89,25.20,0.00,557.20,0.0038457793,0
20.89,25.20,0.00,559.67,0.0038457793,0
20.89,25.13,0.00,561.00,0.0038355426,0
20.89,25.16,0.00,563.40,0.0038396372,0
20.92,25.13,0.00,559.75,0.0038407947,0
20.92,25.10,0.00,559.00,0.0038369495,0
20.92,25.10,0.00,561.00,0.0038369495,0
20.89,25.10,0.00,563.25,0.0038304243,0
20.89,25.10,0.00,560.75,0.0038304243,0
20.89,25.10,0.00,558.00,0.0038304243,0
20.89,25.08,0.00,556.80,0.0038273534,0
20.89,25.13,0.00,556.00,0.0038342630,0
20.89,25.10,0.00,558.00,0.0038304243,0
20.89,25.08,0.00,556.80,0.0038273534,0
20.89,25.07,0.00,557.00,0.0038253062,0
20.89,25.00,0.00,556.80,0.0038150701,0
20.89,25.03,0.00,548.50,0.0038189086,0
20.89,25.05,0.00,550.00,0.0038227471,0
20.89,25.00,0.00,554.00,0.0038150701,0
20.89,25.03,0.00,555.25,0.0038189086,0
20.89,25.00,0.00,555.50,0.0038150701,0
20.89,25.00,0.00,556.75,0.0038150701,0
20.89,25.00,0.00,558.00,0.0038150701,0
20.89,25.00,0.00,558.00,0.0038150701,0
20.89,25.00,0.00,558.25,0.0038150701,0
20.89,25.00,0.00,556.25,0.0038150701,0
20.89,25.00,0.00,554.50,0.0038150701,0
20.89,25.00,0.00,555.25,0.0038150701,0
20.89,25.00,0.00,558.00,0.0038150701,0
20.89,25.00,0.00,554.33,0.0038150701,0
20.89,25.00,0.00,549.75,0.0038150701,0
20.89,24.97,0.00,558.50,0.0038108478,0
20.87,24.92,0.00,558.25,0.0037969067,0
20.89,24.92,0.00,558.25,0.0038024034,0
20.89,24.97,0.00,547.25,0.0038108478,0
20.89,24.95,0.00,553.75,0.0038066255,0
20.89,24.89,0.00,547.75,0.0037981813,0
20.89,24.89,0.00,547.25,0.0037981813,0
20.89,24.89,0.00,551.50,0.0037981813,0
20.89,24.89,0.00,554.00,0.0037981813,0
20.89,24.89,0.00,550.00,0.0037981813,0
20.89,24.93,0.00,553.67,0.0038038108,0
20.89,24.93,0.00,552.40,0.0038049367,0
20.89,24.93,0.00,554.00,0.0038038108,0
20.83,24.87,0.00,547.00,0.0037810396,0
20.89,24.89,0.00,542.33,0.0037981813,0
20.84,24.89,0.00,544.75,0.0037868253,0
20.89,24.95,0.00,547.00,0.0038066255,0
20.87,24.87,0.00,552.75,0.0037884757,0
20.89,25.00,0.00,556.00,0.0038150701,0
20.87,24.93,0.00,551.60,0.0038002290,0
20.84,24.92,0.00,553.00,0.0037910343,0
20.89,24.97,0.00,551.25,0.0038108478,0
20.86,24.93,0.00,552.67,0.0037959698,0
20.87,24.97,0.00,553.75,0.0038049548,0
20.86,24.86,0.00,545.67,0.0037852449,0
20.87,24.92,0.00,547.75,0.0037965235,0
20.89,24.91,0.00,548.40,0.0038015589,0
20.89,24.93,0.00,549.33,0.0038038108,0
20.89,25.00,0.00,549.33,0.0038150701,0
20.87,24.89,0.00,545.50,0.0037926912,0
20.89,24.93,0.00,543.00,0.0038038108,0
20.89,24.98,0.00,545.60,0.0038116922,0
20.85,24.96,0.00,547.60,0.0037988958,0
20.89,25.00,0.00,548.67,0.0038150701,0
20.89,25.00,0.00,542.75,0.0038150701,0
20.87,24.98,0.00,537.20,0.0038069761,0
20.86,24.93,0.00,541.33,0.0037959698,0
20.87,24.97,0.00,545.25,0.0038049548,0
20.83,24.93,0.00,541.25,0.0037908290,0
20.82,24.93,0.00,535.50,0.0037881431,0
20.89,25.00,0.00,536.50,0.0038150701,0
20.87,24.98,0.00,543.80,0.0038069761,0
20.84,24.92,0.00,542.00,0.0037910343,0
20.84,24.95,0.00,537.25,0.0037948607,0
20.82,24.93,0.00,538.00,0.0037881431,0
20.82,24.93,0.00,542.00,0.0037881431,0
20.81,24.91,0.00,542.00,0.0037827758,0
20.79,24.89,0.00,545.33,0.0037747361,0
20.87,24.97,0.00,543.25,0.0038049548,0
20.86,24.93,0.00,539.00,0.0037964805,0
20.84,24.95,0.00,540.75,0.0037948607,0
20.79,24.92,0.00,538.00,0.0037789320,0
20.79,24.89,0.00,538.00,0.0037747361,0
20.79,24.93,0.00,538.67,0.0037803306,0
20.81,24.96,0.00,541.60,0.0037894977,0
20.79,24.89,0.00,537.50,0.0037747361,0
20.79,24.98,0.00,537.20,0.0037881631,0
20.79,24.96,0.00,541.00,0.0037859252,0
20.79,25.00,0.00,534.00,0.0037915200,0
20.79,25.00,0.00,532.00,0.0037915200,0
20.84,25.00,0.00,531.75,0.0038032790,0
20.79,25.00,0.00,532.80,0.0037915200,0
20.79,25.00,0.00,532.00,0.0037915200,0
20.82,24.93,0.00,533.67,0.0037881431,0
20.79,25.00,0.00,531.75,0.0037915200,0
20.79,25.00,0.00,534.40,0.0037915200,0
20.79,25.00,0.00,535.67,0.0037915200,0
20.79,25.00,0.00,529.75,0.0037915200,0
20.79,25.00,0.00,532.00,0.0037915200,0
20.79,25.00,0.00,531.33,0.0037915200,0
20.79,25.00,0.00,529.75,0.0037915200,0
20.79,25.00,0.00,528.75,0.0037915200,0
20.79,25.00,0.00,528.25,0.0037915200,0
20.79,25.00,0.00,526.00,0.0037915200,0
20.79,25.00,0.00,526.50,0.0037915200,0
20.79,24.96,0.00,529.33,0.0037859252,0
20.82,24.95,0.00,528.25,0.0037889903,0
20.81,24.93,0.00,526.80,0.0037861367,0
20.79,24.97,0.00,525.50,0.0037873239,0
20.79,24.96,0.00,524.67,0.0037859252,0
20.79,24.89,0.00,523.00,0.0037747361,0
20.79,24.89,0.00,526.00,0.0037747361,0
20.79,24.97,0.00,523.25,0.0037873239,0
20.79,24.89,0.00,524.33,0.0037747361,0
20.79,24.89,0.00,521.50,0.0037747361,0
20.79,24.91,0.00,518.60,0.0037780928,0
20.79,24.89,0.00,520.75,0.0037747361,0
20.79,24.89,0.00,527.67,0.0037747361,0
20.79,24.95,0.00,526.00,0.0037831279,0
20.79,24.96,0.00,519.60,0.0037848063,0
20.79,24.96,0.00,518.33,0.0037859252,0
20.79,24.97,0.00,520.50,0.0037873239,0
20.79,24.95,0.00,521.75,0.0037831279,0
20.79,24.89,0.00,523.00,0.0037747361,0
20.79,24.89,0.00,520.33,0.0037747361,0
20.79,24.89,0.00,519.00,0.0037747361,0
20.79,24.95,0.00,516.25,0.0037831279,0
20.79,25.00,0.00,518.60,0.0037915200,0
20.79,25.00,0.00,519.33,0.0037915200,0
20.76,25.00,0.00,515.33,0.0037844800,0
20.77,25.00,0.00,516.40,0.0037872946,0
20.75,25.00,0.00,519.50,0.0037809643,0
20.77,25.00,0.00,522.25,0.0037862389,0
20.77,25.00,0.00,514.75,0.0037862389,0
20.77,25.00,0.00,513.75,0.0037862389,0
20.79,25.00,0.00,515.00,0.0037915200,0
20.79,25.00,0.00,519.00,0.0037915200,0
20.77,25.00,0.00,518.80,0.0037872946,0
20.79,25.00,0.00,517.33,0.0037915200,0
20.73,25.07,0.00,509.75,0.0037875861,0
20.72,25.04,0.00,513.60,0.0037807195,0
20.73,25.07,0.00,511.00,0.0037875861,0
20.72,25.10,0.00,512.40,0.0037898340,0
20.70,25.08,0.00,515.50,0.0037818147,0
20.74,25.10,0.00,511.80,0.0037940639,0
20.73,25.10,0.00,511.67,0.0037926535,0
20.70,25.05,0.00,509.75,0.0037780213,0
20.73,25.10,0.00,513.00,0.0037926535,0
20.70,25.10,0.00,508.50,0.0037856081,0
20.70,25.10,0.00,510.00,0.0037856081,0
20.70,25.10,0.00,509.67,0.0037856081,0
20.70,25.10,0.00,508.50,0.0037856081,0
20.70,25.10,0.00,511.25,0.0037856081,0
20.70,25.10,0.00,513.33,0.0037856081,0
20.70,25.10,0.00,509.50,0.0037856081,0
20.70,25.10,0.00,509.00,0.0037856081,0
20.70,25.10,0.00,509.00,0.0037856081,0
20.70,25.10,0.00,510.50,0.0037856081,0
20.70,25.10,0.00,512.00,0.0037856081,0
20.70,25.10,0.00,509.00,0.0037856081,0
20.68,25.12,0.00,508.00,0.0037839487,0
20.70,25.13,0.00,502.25,0.0037894016,0
20.68,25.10,0.00,502.50,0.0037797458,0
20.70,25.10,0.00,505.50,0.0037856081,0
20.70,25.10,0.00,505.50,0.0037856081,0
20.70,25.10,0.00,500.25,0.0037856081,0
20.68,25.10,0.00,500.00,0.0037809176,0
20.67,25.10,0.00,499.00,0.0037777935,0
20.70,25.10,0.00,501.25,0.0037856081,0
20.70,25.10,0.00,501.00,0.0037856081,0
20.70,25.10,0.00,502.00,0.0037856081,0
20.70,25.10,0.00,496.25,0.0037856081,0
20.70,25.10,0.00,495.80,0.0037856081,0
20.66,25.10,0.00,497.80,0.0037762323,0
20.63,25.10,0.00,497.00,0.0037699931,0
20.63,25.10,0.00,497.25,0.0037680452,0
20.68,25.18,0.00,503.25,0.0037911087,0
20.68,25.13,0.00,500.00,0.0037835334,0
20.70,25.10,0.00,494.75,0.0037856081,0
20.70,25.10,0.00,492.33,0.0037856081,0
20.70,25.10,0.00,492.75,0.0037856081,0
20.70,25.10,0.00,497.00,0.0037856081,0
20.65,25.08,0.00,498.50,0.0037701099,0
20.70,25.10,0.00,498.75,0.0037856081,0
20.68,25.08,0.00,498.75,0.0037759583,0
20.70,25.10,0.00,495.33,0.0037856081,0
20.68,25.08,0.00,490.75,0.0037759583,0
20.70,25.10,0.00,487.75,0.0037856081,0
20.65,25.05,0.00,491.75,0.0037663283,0
20.70,25.10,0.00,491.25,0.0037856081,0
20.70,25.10,0.00,493.50,0.0037856081,0
20.70,25.10,0.00,493.33,0.0037856081,0
20.70,25.00,0.00,493.25,0.0037704346,0
20.70,25.00,0.00,491.00,0.0037704346,0
20.70,25.00,0.00,492.00,0.0037704346,0
20.70,25.00,0.00,496.00,0.0037704346,0
20.70,25.00,0.00,493.00,0.0037704346,0
20.70,25.00,0.00,491.25,0.0037704346,0
20.70,25.00,0.00,494.00,0.0037704346,0
20.70,25.00,0.00,494.20,0.0037704346,0
20.70,25.00,0.00,493.75,0.0037704346,0
20.70,25.00,0.00,495.75,0.0037704346,0
20.70,25.00,0.00,492.25,0.0037704346,0
20.70,25.00,0.00,486.50,0.0037704346,0
20.70,25.00,0.00,493.33,0.0037704346,0
20.70,25.00,0.00,494.75,0.0037704346,0
20.70,25.00,0.00,490.00,0.0037704346,0
20.70,25.00,0.00,490.50,0.0037704346,0
20.70,25.00,0.00,490.25,0.0037704346,0
20.70,25.00,0.00,498.25,0.0037704346,0
20.70,25.00,0.00,499.00,0.0037704346,0
20.70,24.96,0.00,493.00,0.0037648712,0
20.70,24.98,0.00,484.83,0.0037676529,0
20.70,24.97,0.00,480.00,0.0037662620,0
20.70,24.97,0.00,478.75,0.0037662620,0
20.70,25.00,0.00,483.33,0.0037704346,0
20.70,25.00,0.00,480.20,0.0037704346,0
20.70,24.89,0.00,483.33,0.0037537446,0
20.70,24.89,0.00,487.00,0.0037537446,0
20.70,24.85,0.00,485.20,0.0037476757,0
20.70,24.89,0.00,480.67,0.0037537446,0
20.70,24.84,0.00,480.25,0.0037461585,0
20.70,24.79,0.00,486.00,0.0037385726,0
20.70,24.87,0.00,485.75,0.0037499515,0
20.70,24.82,0.00,483.00,0.0037423655,0
20.70,24.87,0.00,483.60,0.0037507101,0
20.70,24.79,0.00,489.33,0.0037385726,0
20.70,24.79,0.00,486.75,0.0037385726,0
20.70,24.79,0.00,483.50,0.0037385726,0
20.70,24.79,0.00,482.00,0.0037385726,0
20.75,24.79,0.00,481.50,0.0037490128,0
20.70,24.79,0.00,488.25,0.0037385726,0
20.70,24.79,0.00,486.33,0.0037385726,0
20.70,24.79,0.00,480.60,0.0037385726,0
20.70,24.79,0.00,485.67,0.0037385726,0
20.70,24.79,0.00,484.80,0.0037385726,0
20.70,24.79,0.00,481.00,0.0037385726,0
20.70,24.79,0.00,486.50,0.0037385726,0
20.70,24.79,0.00,488.00,0.0037385726,0
20.70,24.79,0.00,481.67,0.0037385726,0
20.70,24.79,0.00,481.00,0.0037385726,0
20.70,24.75,0.00,483.00,0.0037331109,0
20.70,24.77,0.00,485.00,0.0037351590,0
20.70,24.76,0.00,475.67,0.0037340211,0
20.70,24.72,0.00,478.50,0.0037283319,0
20.70,24.70,0.00,482.80,0.0037249184,0
20.70,24.70,0.00,482.33,0.0037249184,0
20.70,24.68,0.00,481.50,0.0037211257,0
20.70,24.68,0.00,479.25,0.0037211257,0
20.70,24.60,0.00,478.33,0.0037097478,0
20.70,24.60,0.00,477.50,0.0037097478,0
20.70,24.60,0.00,480.25,0.0037097478,0
20.70,24.65,0.00,481.50,0.0037173330,0
20.70,24.65,0.00,481.25,0.0037173330,0
20.70,24.66,0.00,481.75,0.0037188501,0
20.70,24.70,0.00,479.00,0.0037249184,0
20.70,24.65,0.00,482.75,0.0037173330,0
20.70,24.67,0.00,485.67,0.0037198615,0
20.70,24.63,0.00,484.00,0.0037148046,0
20.70,24.60,0.00,479.50,0.0037097478,0
20.70,24.60,0.00,479.75,0.0037097478,0
20.70,24.60,0.00,480.75,0.0037097478,0
20.70,24.63,0.00,475.33,0.0037148046,0
20.70,24.70,0.00,475.67,0.0037249184,0
20.70,24.60,0.00,477.25,0.0037097478,0
20.70,24.60,0.00,478.50,0.0037097478,0
20.70,24.64,0.00,479.60,0.0037158160,0
20.70,24.60,0.00,475.67,0.0037097478,0
20.70,24.60,0.00,479.33,0.0037097478,0
20.70,24.60,0.00,478.50,0.0037097478,0
20.70,24.63,0.00,476.86,0.0037140822,0
20.70,24.63,0.00,477.33,0.0037148046,0
20.70,24.63,0.00,475.25,0.0037135404,0
20.70,24.60,0.00,479.67,0.0037097478,0
20.70,24.60,0.00,482.00,0.0037097478,0
20.70,24.60,0.00,475.80,0.0037097478,0
20.70,24.60,0.00,477.33,0.0037097478,0
20.70,24.60,0.00,475.25,0.0037097478,0
20.70,24.60,0.00,477.25,0.0037097478,0
20.70,24.60,0.00,478.67,0.0037097478,0
20.70,24.60,0.00,476.75,0.0037097478,0
20.70,24.60,0.00,472.50,0.0037097478,0
20.70,24.60,0.00,471.60,0.0037097478,0
20.70,24.60,0.00,474.75,0.0037097478,0
20.70,24.60,0.00,475.67,0.0037097478,0
20.70,24.60,0.00,473.20,0.0037097478,0
20.70,24.60,0.00,467.00,0.0037097478,0
20.70,24.60,0.00,466.00,0.0037097478,0
20.70,24.60,0.00,465.25,0.0037097478,0
20.70,24.60,0.00,471.00,0.0037097478,0
20.70,24.60,0.00,471.50,0.0037097478,0
20.70,24.60,0.00,476.50,0.0037097478,0
20.70,24.60,0.00,472.75,0.0037097478,0
20.70,24.60,0.00,470.75,0.0037097478,0
20.70,24.58,0.00,466.75,0.0037059553,0
20.70,24.50,0.00,463.75,0.0036945780,0
20.70,24.53,0.00,469.00,0.0036996345,0
20.70,24.58,0.00,472.25,0.0037059553,0
20.70,24.60,0.00,475.40,0.0037097478,0
20.70,24.50,0.00,474.25,0.0036945780,0
20.70,24.50,0.00,470.25,0.0036945780,0
20.70,24.53,0.00,478.00,0.0036996345,0
20.70,24.56,0.00,469.40,0.0037036798,0
20.70,24.53,0.00,468.33,0.0036996345,0
20.70,24.60,0.00,469.25,0.0037097478,0
20.70,24.60,0.00,468.00,0.0037097478,0
20.70,24.60,0.00,473.00,0.0037097478,0
20.70,24.57,0.00,474.33,0.0037046911,0
20.70,24.50,0.00,475.75,0.0036945780,0
20.70,24.50,0.00,473.50,0.0036945780,0
20.70,24.50,0.00,474.75,0.0036945780,0
20.70,24.50,0.00,472.00,0.0036945780,0
20.70,24.50,0.00,468.25,0.0036945780,0
20.70,24.50,0.00,471.50,0.0036945780,0
20.70,24.50,0.00,469.00,0.0036945780,0
20.70,24.50,0.00,468.00,0.0036945780,0
20.70,24.50,0.00,471.50,0.0036945780,0
20.70,24.50,0.00,469.60,0.0036945780,0
20.70,24.50,0.00,466.60,0.0036945780,0
20.70,24.50,0.00,462.67,0.0036945780,0
20.70,24.50,0.00,461.33,0.0036945780,0
20.70,24.50,0.00,463.75,0.0036945780,0
20.70,24.50,0.00,466.25,0.0036945780,0
20.70,24.50,0.00,468.25,0.0036945780,0
20.70,24.50,0.00,470.60,0.0036945780,0
20.70,24.50,0.00,467.67,0.0036945780,0
20.70,24.50,0.00,469.00,0.0036945780,0
20.70,24.50,0.00,464.25,0.0036945780,0
20.70,24.50,0.00,468.00,0.0036945780,0
20.70,24.50,0.00,468.75,0.0036945780,0
20.70,24.50,0.00,472.33,0.0036945780,0
20.70,24.50,0.00,468.67,0.0036945780,0
20.70,24.50,0.00,467.67,0.0036945780,0
20.70,24.50,0.00,462.33,0.0036945780,0
20.70,24.50,0.00,463.50,0.0036945780,0
20.70,24.50,0.00,467.40,0.0036945780,0
20.70,24.50,0.00,465.67,0.0036945780,0
20.70,24.50,0.00,465.75,0.0036945780,0
20.70,24.50,0.00,469.75,0.0036945780,0
20.70,24.50,0.00,463.33,0.0036945780,0
20.62,24.41,0.00,462.60,0.0036630174,0
20.70,24.50,0.00,468.25,0.0036945780,0
20.70,24.50,0.00,469.25,0.0036945780,0
20.68,24.47,0.00,469.00,0.0036846924,0
20.67,24.46,0.00,471.33,0.0036814018,0
20.63,24.42,0.00,467.75,0.0036649837,0
20.70,24.50,0.00,459.00,0.0036945780,0
20.68,24.48,0.00,464.60,0.0036866679,0
20.67,24.46,0.00,467.67,0.0036814018,0
20.70,24.50,0.00,473.25,0.0036945780,0
20.70,24.50,0.00,471.00,0.0036945780,0
20.68,24.47,0.00,465.75,0.0036846924,0
20.70,24.50,0.00,461.50,0.0036945780,0
20.68,24.47,0.00,464.50,0.0036846924,0
20.70,24.50,0.00,464.80,0.0036945780,0
20.63,24.43,0.00,468.33,0.0036682627,0
20.67,24.46,0.00,464.33,0.0036814018,0
20.60,24.39,0.00,463.20,0.0036551605,0
20.67,24.46,0.00,465.33,0.0036814018,0
20.68,24.47,0.00,464.25,0.0036846924,0
20.64,24.43,0.00,460.00,0.0036708876,0
20.70,24.50,0.00,461.00,0.0036945780,0
20.67,24.46,0.00,467.00,0.0036814018,0
20.64,24.43,0.00,462.20,0.0036708876,0
20.60,24.39,0.00,459.75,0.0036551605,0
20.65,24.45,0.00,455.25,0.0036748276,0
20.63,24.42,0.00,455.25,0.0036649837,0
20.60,24.39,0.00,461.33,0.0036551605,0
20.60,24.39,0.00,465.25,0.0036551605,0
20.60,24.39,0.00,464.75,0.0036551605,0
20.60,24.39,0.00,464.80,0.0036551605,0
20.60,24.39,0.00,463.50,0.0036551605,0
20.63,24.42,0.00,463.50,0.0036649837,0
20.60,24.39,0.00,465.67,0.0036551605,0
20.63,24.42,0.00,464.50,0.0036649837,0
20.62,24.41,0.00,467.60,0.0036630174,0
20.63,24.42,0.00,459.50,0.0036649837,0
20.63,24.42,0.00,457.50,0.0036649837,0
20.60,24.39,0.00,463.33,0.0036551605,0
20.60,24.39,0.00,465.00,0.0036551605,0
20.60,24.39,0.00,468.25,0.0036551605,0
20.60,24.39,0.00,465.00,0.0036551605,0
20.60,24.39,0.00,464.50,0.0036551605,0
20.60,24.34,0.00,465.50,0.0036476234,0
20.60,24.39,0.00,465.75,0.0036551605,0
20.60,24.39,0.00,469.75,0.0036551605,0
20.60,24.39,0.00,468.20,0.0036551605,0
20.60,24.37,0.00,463.50,0.0036513919,0
20.60,24.34,0.00,461.50,0.0036476234,0
20.60,24.39,0.00,464.00,0.0036551605,0
20.60,24.37,0.00,464.00,0.0036513919,0
20.62,24.32,0.00,466.50,0.0036488806,0
20.63,24.32,0.00,461.00,0.0036526535,0
20.63,24.32,0.00,459.25,0.0036495085,0
20.66,24.31,0.00,459.60,0.0036569826,0
20.60,24.20,0.00,460.33,0.0036265205,0
20.60,24.20,0.00,458.50,0.0036265205,0
20.60,24.20,0.00,460.00,0.0036265205,0
20.63,24.29,0.00,464.50,0.0036461116,0
20.62,24.24,0.00,467.20,0.0036364542,0
20.60,24.20,0.00,456.00,0.0036265205,0
20.60,24.20,0.00,459.50,0.0036265205,0
20.60,24.20,0.00,460.33,0.0036265205,0
20.60,24.20,0.00,462.20,0.0036265205,0
20.60,24.20,0.00,460.50,0.0036265205,0
20.60,24.20,0.00,464.25,0.0036265205,0
20.63,24.23,0.00,464.33,0.0036385556,0
20.60,24.20,0.00,465.75,0.0036265205,0
20.60,24.20,0.00,463.50,0.0036265205,0
20.60,24.20,0.00,466.20,0.0036265205,0
20.60,24.20,0.00,466.25,0.0036265205,0
20.60,24.20,0.00,466.00,0.0036265205,0
20.60,24.20,0.00,463.25,0.0036265205,0
20.58,24.20,0.00,466.75,0.0036209017,0
20.60,24.20,0.00,467.67,0.0036265205,0
20.60,24.20,0.00,463.50,0.0036265205,0
20.60,24.20,0.00,459.25,0.0036265205,0
20.60,24.20,0.00,463.25,0.0036265205,0
20.58,24.20,0.00,463.00,0.0036209017,0
20.53,24.20,0.00,459.33,0.0036115540,0
20.55,24.20,0.00,463.00,0.0036152905,0
20.58,24.20,0.00,460.75,0.0036209017,0
20.56,24.20,0.00,462.40,0.0036175340,0
20.52,24.20,0.00,464.00,0.0036085672,0
20.53,24.20,0.00,462.67,0.0036115540,0
20.55,24.20,0.00,467.00,0.0036152905,0
20.60,24.20,0.00,468.00,0.0036265205,0
20.60,24.10,0.00,463.25,0.0036114479,0
20.60,24.18,0.00,462.50,0.0036227523,0
20.60,24.10,0.00,467.75,0.0036114479,0
20.67,24.17,0.00,467.67,0.0036364965,0
20.60,24.10,0.00,466.25,0.0036114479,0
20.60,24.10,0.00,466.50,0.0036114479,0
20.60,24.10,0.00,467.50,0.0036114479,0
20.60,24.10,0.00,464.50,0.0036114479,0
20.60,24.10,0.00,460.50,0.0036114479,0
20.60,24.03,0.00,457.00,0.0036013999,0
20.60,24.08,0.00,459.40,0.0036084334,0
20.63,24.07,0.00,465.00,0.0036138858,0
20.60,24.05,0.00,465.75,0.0036039118,0
20.63,24.05,0.00,468.75,0.0036095031,0
20.60,24.00,0.00,463.50,0.0035963760,0
20.60,24.05,0.00,463.25,0.0036039118,0
20.60,24.00,0.00,466.33,0.0035963760,0
20.60,24.02,0.00,467.80,0.0035993903,0
20.58,24.08,0.00,463.25,0.0036020903,0
20.53,24.10,0.00,468.75,0.0035946847,0
20.57,24.10,0.00,465.00,0.0036039891,0
20.53,24.10,0.00,464.75,0.0035946847,0
20.54,24.10,0.00,466.40,0.0035980318,0
20.50,24.10,0.00,467.00,0.0035891122,0
20.50,24.15,0.00,466.75,0.0035966016,0
20.53,24.10,0.00,468.75,0.0035946847,0
20.50,24.20,0.00,468.67,0.0036040911,0
20.50,24.20,0.00,466.75,0.0036040911,0
20.50,24.20,0.00,462.50,0.0036040911,0
20.53,24.10,0.00,465.50,0.0035946847,0
20.54,24.10,0.00,463.80,0.0035980318,0
20.50,24.10,0.00,467.33,0.0035891122,0
20.57,24.10,0.00,466.75,0.0036039891,0
20.50,24.10,0.00,466.80,0.0035891122,0
20.50,24.10,0.00,464.00,0.0035891122,0
20.52,24.10,0.00,461.40,0.0035935696,0
20.50,24.10,0.00,464.67,0.0035891122,0
20.50,24.10,0.00,465.50,0.0035891122,0
20.50,24.10,0.00,467.67,0.0035891122,0
20.50,24.10,0.00,473.50,0.0035891122,0
20.52,24.10,0.00,469.80,0.0035935696,0
20.50,24.10,0.00,469.67,0.0035891122,0
20.50,24.10,0.00,470.60,0.0035891122,0
20.50,24.10,0.00,468.00,0.0035891122,0
20.50,24.10,0.00,468.50,0.0035891122,0
20.50,24.10,0.00,470.00,0.0035891122,0
20.47,24.05,0.00,472.75,0.0035755150,0
20.50,24.08,0.00,466.75,0.0035853676,0
20.47,24.02,0.00,466.00,0.0035714031,0
20.43,23.96,0.00,467.33,0.0035519368,0
20.47,24.00,0.00,468.50,0.0035676650,0
20.46,23.96,0.00,470.80,0.0035578140,0
20.50,24.00,0.00,472.00,0.0035741341,0
20.48,23.98,0.00,470.00,0.0035659666,0
20.45,23.95,0.00,466.67,0.0035537433,0
20.50,24.00,0.00,461.40,0.0035741341,0
20.39,23.89,0.00,462.67,0.0035334457,0
20.47,23.89,0.00,464.75,0.0035515920,0
20.50,23.89,0.00,473.50,0.0035576589,0
20.46,23.85,0.00,472.50,0.0035419818,0
20.43,23.82,0.00,473.00,0.0035315617,0
20.46,23.86,0.00,473.00,0.0035445908,0
20.45,23.82,0.00,469.83,0.0035355838,0
20.45,23.82,0.00,469.25,0.0035347132,0
20.42,23.75,0.00,471.75,0.0035182535,0
20.43,23.76,0.00,472.67,0.0035221200,0
20.42,23.72,0.00,471.50,0.0035145287,0
20.47,23.77,0.00,471.00,0.0035332771,0
20.39,23.70,0.00,472.00,0.0035051854,0
20.43,23.74,0.00,468.80,0.0035201446,0
20.43,23.73,56.33,471.67,0.0035176478,0
20.39,23.70,311.75,474.75,0.0035051854,1
20.42,23.72,426.00,473.50,0.0035145287,1
20.47,23.77,433.00,473.75,0.0035332771,1
20.48,23.89,423.67,484.50,0.0035536133,1
20.50,23.89,419.00,492.40,0.0035576589,1
20.50,23.89,419.00,491.00,0.0035576589,1
20.50,23.89,419.00,487.20,0.0035576589,1
20.55,23.95,415.50,493.25,0.0035769764,1
20.52,24.00,409.80,499.60,0.0035785727,1
20.53,24.00,414.60,506.20,0.0035796832,1
20.60,24.08,413.00,507.33,0.0036089358,0
20.60,24.10,414.60,514.60,0.0036114479,0
20.60,24.18,407.50,522.25,0.0036227523,0
20.60,24.20,406.60,525.60,0.0036265205,0
20.60,24.20,399.50,528.00,0.0036265205,0
20.63,24.23,398.33,537.33,0.0036385556,1
20.66,24.20,406.20,538.80,0.0036400371,1
20.63,24.18,414.00,538.50,0.0036283729,1
20.66,24.22,412.20,535.80,0.0036424579,1
20.68,24.34,411.00,538.75,0.0036646251,1
20.70,24.50,408.00,546.25,0.0036945780,1
20.70,24.65,405.00,554.67,0.0037173330,1
20.70,24.70,405.00,565.33,0.0037249184,1
20.70,24.77,405.00,573.00,0.0037351590,1
20.71,24.79,405.00,581.14,0.0037415529,1
20.70,24.79,405.00,587.25,0.0037385726,1
20.75,24.87,413.40,588.20,0.0037632824,1
20.78,24.89,416.67,589.50,0.0037712303,1
20.77,24.96,419.00,592.00,0.0037805885,1
20.79,24.98,419.00,599.80,0.0037881631,1
20.79,25.00,419.00,605.40,0.0037915200,1
20.79,25.00,419.00,611.25,0.0037911385,1
20.81,25.02,419.00,616.40,0.0037992753,1
20.87,25.08,419.00,621.00,0.0038206682,1
20.82,25.03,419.00,622.67,0.0038044525,1
20.86,25.07,419.00,624.00,0.0038174206,1
20.84,25.05,419.00,623.75,0.0038109321,1
20.87,25.16,433.00,632.40,0.0038348863,1
20.89,25.20,433.00,639.00,0.0038457793,1
20.87,25.28,433.00,646.00,0.0038533183,1
20.84,25.20,433.00,649.50,0.0038335100,1
20.89,25.27,433.00,649.80,0.0038568354,1
20.87,25.37,433.00,656.75,0.0038651300,1
20.84,25.34,433.00,660.75,0.0038553242,1
20.87,25.37,437.67,659.33,0.0038684030,1
20.87,25.37,440.60,671.60,0.0038670935,1
20.84,25.34,442.50,673.50,0.0038553242,1
20.87,25.37,438.00,678.25,0.0038651300,1
20.89,25.39,441.00,681.00,0.0038749559,1
20.89,25.35,429.00,683.00,0.0038688133,1
20.89,25.33,429.00,689.40,0.0038657420,1
20.89,25.34,429.00,694.25,0.0038672776,1
20.91,25.39,435.00,690.40,0.0038802363,1
20.95,25.39,444.00,697.33,0.0038881688,1
20.97,25.39,444.00,710.25,0.0038947901,1
20.96,25.39,444.00,717.80,0.0038908161,0
21.00,25.39,444.00,720.75,0.0039014214,0
21.00,25.41,444.00,721.40,0.0039048231,0
21.00,25.39,444.00,718.00,0.0039014214,0
21.00,25.36,444.00,715.50,0.0038962673,0
21.00,25.29,447.20,713.00,0.0038859594,0
21.00,25.29,456.80,714.80,0.0038859594,0
21.00,25.25,460.00,714.50,0.0038790018,1
21.00,25.20,454.75,711.00,0.0038720443,1
21.00,25.20,453.00,705.00,0.0038720443,1
21.00,25.20,451.60,711.00,0.0038720443,1
21.03,25.22,454.75,713.50,0.0038815197,1
21.08,25.20,453.00,719.50,0.0038920471,1
21.07,25.20,458.00,727.67,0.0038880393,1
21.12,25.20,458.00,728.67,0.0039000738,1
21.15,25.22,459.25,731.25,0.0039116263,1
21.20,25.23,454.00,738.50,0.0039246396,1
21.20,25.18,454.00,740.20,0.0039170733,1
21.20,25.10,454.00,735.75,0.0039045502,1
21.20,25.14,454.00,735.00,0.0039108117,1
21.22,25.22,456.50,746.17,0.0039261877,1
21.20,25.20,465.25,762.75,0.0039202042,1
21.20,25.20,469.00,766.20,0.0039202042,1
21.20,25.22,469.00,763.40,0.0039230220,1
21.22,25.29,462.33,773.83,0.0039382010,0
21.20,25.29,464.00,777.75,0.0039342935,0
21.20,25.36,462.33,778.00,0.0039447304,1
21.20,25.37,470.20,778.40,0.0039468178,1
21.22,25.34,475.75,774.75,0.0039476027,1
21.24,25.33,471.00,774.00,0.0039493258,1
21.29,25.47,480.25,778.00,0.0039849483,1
21.29,25.43,487.00,779.00,0.0039777322,1
21.27,25.41,503.60,780.60,0.0039710085,1
21.29,25.58,509.50,786.25,0.0040010867,1
21.29,25.67,527.25,800.75,0.0040164386,1
21.34,25.79,524.50,814.00,0.0040474112,1
21.41,25.87,529.80,832.00,0.0040784395,1
21.50,26.00,534.00,849.25,0.0041210500,1
21.50,26.08,544.00,860.60,0.0041338144,1
21.60,26.15,538.00,871.00,0.0041706030,1
21.66,26.22,553.00,879.50,0.0041966780,1
21.70,26.27,542.50,894.00,0.0042153452,1
21.72,26.22,547.00,905.50,0.0042139062,1
21.79,26.39,559.20,911.20,0.0042586572,1
21.81,26.27,567.80,919.20,0.0042450290,1
21.87,26.32,554.00,923.50,0.0042661024,1
21.89,26.32,563.00,931.75,0.0042726637,1
21.89,26.32,564.50,934.75,0.0042726637,1
21.95,26.22,577.50,934.75,0.0042719569,1
22.00,26.12,578.80,939.00,0.0042695448,1
22.00,26.07,581.67,936.67,0.0042607672,1
22.09,26.13,580.00,936.43,0.0042934911,1
22.10,26.10,596.00,936.50,0.0042925257,1
22.10,26.10,594.80,937.60,0.0042925257,1
22.14,26.00,603.40,937.80,0.0042861421,1
22.20,26.00,608.25,946.00,0.0043022787,0
22.29,25.96,606.67,950.33,0.0043199387,0
22.29,25.89,612.00,937.33,0.0043076525,1
22.29,25.86,611.00,943.67,0.0043020681,1
22.32,25.81,617.00,946.17,0.0043024703,1
22.39,25.70,624.75,944.50,0.0043020957,1
22.39,25.68,630.40,944.40,0.0042987246,1
22.45,25.65,632.50,948.00,0.0043081503,1
22.50,25.67,652.00,940.33,0.0043255038,1
22.50,25.60,643.50,944.33,0.0043141908,1
22.57,25.60,648.67,942.17,0.0043318201,1
22.60,25.60,767.00,948.67,0.0043406586,1
22.60,25.47,1419.50,945.00,0.0043188900,1
22.70,25.50,1697.25,951.75,0.0043500904,1
22.70,25.46,1209.80,958.60,0.0043425320,1
22.72,25.42,685.75,956.25,0.0043418823,1
22.77,25.32,684.75,952.25,0.0043361517,1
22.79,25.46,679.40,954.60,0.0043664673,1
22.82,25.39,683.00,961.67,0.0043645150,1
22.89,25.39,692.00,961.75,0.0043817279,1
22.89,25.39,693.80,953.80,0.0043817279,1
22.91,25.39,689.00,956.33,0.0043866313,1
22.97,25.39,693.75,970.00,0.0044038312,1
23.00,25.39,686.50,971.25,0.0044112208,1
23.03,25.42,698.25,986.25,0.0044227673,1
23.10,25.50,694.83,985.00,0.0044575502,1
23.10,25.50,690.00,997.00,0.0044575502,1
23.20,25.50,696.80,1003.80,0.0044847780,1
23.20,25.50,710.00,1004.83,0.0044847780,1
23.20,25.50,722.00,1011.40,0.0044847780,1
23.29,25.60,732.00,1022.50,0.0045272209,1
23.29,25.60,735.00,1029.83,0.0045272209,1
23.31,25.60,719.20,1031.00,0.0045327323,1
23.39,25.60,723.33,1040.00,0.0045548371,1
23.37,25.60,729.00,1040.50,0.0045479191,1
23.39,25.60,738.00,1042.00,0.0045548371,1
23.46,25.66,738.00,1052.40,0.0045839423,1
23.50,25.72,734.40,1062.80,0.0046066786,1
23.58,25.74,738.00,1067.75,0.0046323780,1
23.60,25.89,747.00,1072.25,0.0046659671,1
23.64,25.95,745.20,1095.20,0.0046889588,1
23.67,26.07,746.33,1109.00,0.0047170953,1
23.70,26.12,737.80,1119.00,0.0047363895,1
23.72,26.10,745.00,1123.40,0.0047379058,1
23.79,26.13,740.50,1122.50,0.0047632311,1
23.75,26.20,754.00,1123.00,0.0047639930,1
23.79,26.31,763.00,1158.20,0.0047972213,1
23.79,26.32,758.25,1160.25,0.0047981400,1
23.89,26.39,755.50,1166.00,0.0048411749,1
23.89,26.37,758.25,1164.75,0.0048365530,1
23.89,26.29,772.75,1163.25,0.0048226879,1
23.98,26.38,767.00,1172.71,0.0048662443,1
24.00,26.37,774.50,1182.00,0.0048688822,1
24.05,26.34,774.50,1182.00,0.0048789730,1
24.08,26.37,769.80,1187.60,0.0048934490,1
24.10,26.57,758.33,1191.33,0.0049362032,1
24.10,26.47,775.75,1213.75,0.0049185683,1
24.10,26.15,775.00,1194.00,0.0048589290,1
24.10,25.96,783.40,1173.40,0.0048222335,1
24.10,25.92,789.60,1160.20,0.0048147451,1
24.10,25.89,797.50,1156.25,0.0048099714,1
24.10,25.83,799.00,1139.00,0.0047986458,1
24.18,25.84,782.50,1140.50,0.0048219633,1
24.20,25.89,786.17,1145.33,0.0048389871,1
24.20,25.89,794.25,1149.25,0.0048386732,1
24.20,25.89,797.50,1152.50,0.0048386732,1
24.20,25.89,787.00,1153.25,0.0048386732,1
24.22,25.91,805.00,1152.40,0.0048480885,1
24.26,25.89,798.00,1146.17,0.0048565649,1
24.29,25.98,793.00,1145.40,0.0048817253,1
24.29,25.85,801.40,1140.80,0.0048578628,1
24.29,25.70,808.00,1150.25,0.0048290786,1
24.33,25.74,809.80,1129.20,0.0048475924,1
24.33,25.70,817.00,1125.80,0.0048407587,1
24.36,25.70,813.00,1123.00,0.0048485593,1
24.41,25.68,798.00,1124.00,0.0048602077,1